{"title":"Offa's Dyke Path","name":"Davlyn B&B","address":"Hay-on-Wye","directions":"in a cul-de-sac off Lion St","phone":"+44 1497 820275","tollfree":null,"email":null,"fax":null,"url":null,"checkin":null,"checkout":null,"price":"from £30/person","geo":{"lat":52.07573,"lon":-3.12297,"accuracy":"ROOFTOP"},"type":"hotel","id":21047,"country":"United Kingdom","city":"Hay-on-Wye","state":null,"reviews":[{"content":"The rooms were clean. The linens were nice. There was no wifi in the rooms-strange in 2011. The entire experience was outdated. But the service was excellent.","ratings":{"Service":5.0,"Cleanliness":5.0,"Overall":4.0,"Value":3.0,"Sleep Quality":4.0,"Rooms":3.0,"Location":5.0},"author":"Dannie Hintz","date":"2013-04-06 06:33:37 +0300"},{"content":"We paid extra to be on the \"Concierge Level\". These \"recently renovated\" rooms are no different than the rooms on the lower levels. No view and the same small \"charming rooms\" as in the rest of the hotel. The lounge amenities aren't enough to account for the difference in cost. The street noise (despite a room on the 15th floor) kept us up all night and didn't quiet down even on Sunday morning. The hotel is in a nice spot with great access to many downtown offerings but there are far better options in the area.","ratings":{"Service":3.0,"Cleanliness":4.0,"Overall":3.0,"Value":3.0,"Sleep Quality":1.0,"Rooms":3.0,"Location":3.0},"author":"Marianna Williamson","date":"2014-08-13 21:03:52 +0300"}],"public_likes":["Daphney Mitchell","Eve Hilpert"],"vacancy":false,"description":"Wi-Fi.","alias":null,"pets_ok":true,"free_breakfast":true,"free_internet":false,"free_parking":false}