{"title":"San Diego/Point Loma-Ocean Beach","name":"Quality Inn","address":"2901 Nimitz Blvd","directions":null,"phone":"+1 619 224-3655","tollfree":null,"email":null,"fax":"+1 619 224-4025","url":"http://www.qualityinn.com/ires/en-US/html/HotelInfo?hotel=CA388","checkin":"3PM","checkout":"11AM","price":null,"geo":{"lat":32.72791,"lon":-117.22537,"accuracy":"ROOFTOP"},"type":"hotel","id":25327,"country":"United States","city":"San Diego","state":"California","reviews":[{"content":"Very nice stay Stayed here for 5 nights in July on business. Booked via Priorityclub.com and as usual, no problem. Very nice deal including parking ($45/nite) and breakfast at the Top of the Mark every morning ($26/person/day). Upgraded to the corner room upon check-in. Room: very nice and clean; great bed; bathtub could have been bigger/shower water pressure could be improvedInternet: LAN connection - nice and stable throughout the stayHousekeeping: very friendly and flexible to our needsBreakfast: very full American breakfast buffet; food very nice but service not so good (could hear staff yelling at each other)Concierge: very helpfulValet parking: slow (takes over 10 minutes on average; be sure to call from room in advance)Overall: great place to stay if you don't mind the hills","ratings":{"Service":4.0,"Business service":4.0,"Cleanliness":5.0,"Check in / front desk":4.0,"Overall":5.0,"Value":5.0,"Rooms":4.0,"Location":3.0},"author":"Norma Dicki","date":"2012-05-20 07:33:19 +0300"}],"public_likes":["Jaquelin Lockman V","Kenny Tillman","Jayden O'Conner MD","Ms. Rickie Herman","Miss Jayda Kshlerin","Ozella Hilll"],"vacancy":false,"description":"100 percent non-smoking hotel one mile from the San Diego International Airport. Free airport transportation is available.","alias":null,"pets_ok":true,"free_breakfast":false,"free_internet":true,"free_parking":false}