{"title":"Birmingham (England)","name":"pentahotel Birmingham","address":"Ernest Street / Holloway Head","directions":null,"phone":null,"tollfree":null,"email":null,"fax":null,"url":null,"checkin":null,"checkout":null,"price":null,"geo":{"lat":52.47379,"lon":-1.90236,"accuracy":"RANGE_INTERPOLATED"},"type":"hotel","id":3635,"country":"United Kingdom","city":null,"state":null,"reviews":[{"content":"This is a lovely old hotel in Chicago. However, the rooms can be on the smallish side. The bed was great and the decor was lovely, but the room is one of the smallest I've ever stayed in; ditto the bathroom. Great staff, great location. No free wireless and getting online is a bit of a pain.","ratings":{"Service":5.0,"Cleanliness":5.0,"Overall":4.0,"Value":3.0,"Sleep Quality":5.0,"Rooms":4.0,"Location":5.0},"author":"Mrs. Theodora Kuhic","date":"2012-01-24 03:37:24 +0300"}],"public_likes":["Kacey Baumbach"],"vacancy":true,"description":"This relatively new mid-range property is swamped in pentahotel's hallmark purple lighting and entices with a potpourri of postmodern appointments. Both standard and &quot;comfort&quot; rooms are small (12 sqm)","alias":null,"pets_ok":true,"free_breakfast":false,"free_internet":false,"free_parking":false}