{"title":"San Francisco/Nob Hill-Russian Hill","name":"Huntington Hotel","address":"1075 California Street","directions":"at Taylor","phone":"+1 415 474-5400","tollfree":null,"email":"reservations@huntingtonhotel.com","fax":"+1 415 474-6227","url":"http://www.huntingtonhotel.com","checkin":null,"checkout":null,"price":null,"geo":{"lat":37.7914,"lon":-122.412,"accuracy":"RANGE_INTERPOLATED"},"type":"hotel","id":25965,"country":"United States","city":"San Francisco","state":"California","reviews":[],"public_likes":["Deshaun Fay","Wayne Dicki","Kaycee Kassulke","Jackie Goldner","Nicole Wilderman","Jessyca Parisian"],"vacancy":true,"description":"A former apartment building-turned-luxury hotel with individually decorated rooms.","alias":null,"pets_ok":false,"free_breakfast":true,"free_internet":true,"free_parking":false}