{"title":"Crowden-in-Longdendale","name":"Crowden Youth Hostel","address":null,"directions":null,"phone":"+44 845 371 9113","tollfree":null,"email":"crowden@yha.org.uk","fax":null,"url":"http://www.yha.org.uk/hostel/crowden","checkin":"5PM","checkout":"10AM","price":"From £8 pppn","geo":{"lat":53.4927,"lon":-1.8964,"accuracy":"ROOFTOP"},"type":"hotel","id":35667,"country":"United Kingdom","city":"Derbyshire","state":null,"reviews":[{"content":"This is what I expect from a Hilton (not that I always get it). Really appreciated the Front Desk staff helping me with my late night, last minute request. Room overlooking the beach was beautiful and great to sleep to the crashing waves. Casino looked entertaining - even though we didn't partake.","ratings":{"Service":5.0,"Cleanliness":5.0,"Overall":5.0,"Value":5.0,"Sleep Quality":5.0,"Rooms":5.0,"Location":5.0},"author":"Clovis Kertzmann","date":"2013-05-23 18:06:20 +0300"}],"public_likes":["Violette Quigley","Webster DuBuque","Cyrus Hansen","Jodie Kunde"],"vacancy":true,"description":"38-bed YHA hostel; meals available.","alias":null,"pets_ok":true,"free_breakfast":true,"free_internet":true,"free_parking":false}