{"title":"San Francisco/Golden Gate","name":"Country Hearth Inn","address":"2707 Lombard St","directions":"at Baker St","phone":"+1 415 567-2425","tollfree":null,"email":"sanfrancisco@countryhearth.com","fax":"+1 415 567-8222","url":"http://www.goldengatebi.com/","checkin":"1PM","checkout":"11AM","price":"$75-$110","geo":{"lat":37.7983,"lon":-122.4463,"accuracy":"APPROXIMATE"},"type":"hotel","id":25793,"country":"United States","city":"San Francisco","state":"California","reviews":[],"public_likes":["Solon Weber","Mireya Berge","Loy Zboncak"],"vacancy":false,"description":"This hotel is ideally located less than a block from the green expanses of the Presidio. They offer a complimentary continental breakfast and limited free parking.","alias":null,"pets_ok":false,"free_breakfast":true,"free_internet":true,"free_parking":true}