{"title":"Conwy","name":"YHA Conwy","address":"Larkhill, Sychnant Pass Rd, LL32 8AJ","directions":null,"phone":"+44 845 371 9732","tollfree":null,"email":"conwy@yha.org.uk","fax":null,"url":"http://www.yha.org.uk/hostel/conwy","checkin":"15.00-22.30","checkout":"08.00-10.30","price":null,"geo":{"lat":53.278562,"lon":-3.838888,"accuracy":"APPROXIMATE"},"type":"hotel","id":6351,"country":"United Kingdom","city":"Conwy","state":null,"reviews":[{"content":"This is a wonderful hotel in a perfect location to get to most anything in Boston. The staff were universally friendly and helpful. We had a basic room, competitively priced (for a top-flight hotel), that was small but nicely appointed and perfectly prepared (great bed, sheets etc...) Would certainly recommend The Lenox to anyone.","ratings":{"Service":5.0,"Cleanliness":5.0,"Overall":5.0,"Value":4.0,"Sleep Quality":5.0,"Rooms":4.0,"Location":5.0},"author":"Brittany Yost","date":"2014-12-05 18:07:27 +0300"}],"public_likes":["Nyasia Stark","Winfield Lind","Rolando Green","Ephraim Gleason V"],"vacancy":false,"description":"Ensuite private rooms and dorm rooms. Reception open from 0800-1030 and 1500-2230.","alias":null,"pets_ok":true,"free_breakfast":true,"free_internet":true,"free_parking":false}