{"title":"Venice (California)","name":"Venice Beach Cotel","address":"25 Windwward Ave","directions":"located on Windward btwn Pacific Avenue and Speedway","phone":"+1 310 399-7649","tollfree":"+1-888-718-8287","email":"reservations@venicebeachcotel.com","fax":null,"url":"http://www.venicebeachcotel.com","checkin":"2PM","checkout":"11AM","price":"$25-90","geo":{"lat":33.987293,"lon":-118.472923,"accuracy":"ROOFTOP"},"type":"hotel","id":32175,"country":"United States","city":"Los Angeles","state":"California","reviews":[],"public_likes":["Dr. Prince Harvey","Haylie Shields DDS","Samantha Lesch","Mackenzie Stokes","Brando Gibson MD"],"vacancy":true,"description":"An affordable hostel with a central location","alias":null,"pets_ok":false,"free_breakfast":true,"free_internet":true,"free_parking":false}