{"title":"Tobermory (Scotland)","name":"The Mishnish Hotel","address":null,"directions":null,"phone":"+44 1688 302009","tollfree":null,"email":null,"fax":null,"url":"http://www.mishnish.co.uk","checkin":null,"checkout":null,"price":null,"geo":{"lat":56.62316,"lon":-6.06505,"accuracy":"RANGE_INTERPOLATED"},"type":"hotel","id":30257,"country":"United Kingdom","city":null,"state":null,"reviews":[],"public_likes":["Kyleigh Lehner","Mafalda Ankunding","Daron Weissnat","Yasmine Carter","Gussie Kuhic","Telly Braun","Gracie Cremin"],"vacancy":true,"description":"Main St, Tobermory, Isle of Mull. Hotel on the seafront, near the pier. B&B from £30. Bar is popular with locals and visiting yachtsmen.","alias":null,"pets_ok":true,"free_breakfast":true,"free_internet":true,"free_parking":false}