{"title":"South Queensferry","name":"Hawes Inn","address":"7 Newhalls Road","directions":"Pretty much under the Rail bridge, at the eastern end of the seafront","phone":"+44 845 11 26 001","tollfree":null,"email":null,"fax":null,"url":"http://www.vintageinn.co.uk/thehawesinnsouthqueensferry/","checkin":"3PM-11PM","checkout":"midday","price":"£65-£90 per room","geo":{"lat":55.99039,"lon":-3.38481,"accuracy":"APPROXIMATE"},"type":"hotel","id":28170,"country":"United Kingdom","city":"Queensferry","state":null,"reviews":[{"content":"The rooms were in tip top shape. The staff was awesome and went above and beyond of my expectations. Highly recommend the hotel with easy access to the French Quarter and wonderful restaurants!","ratings":{"Service":5.0,"Cleanliness":5.0,"Overall":5.0,"Value":3.0,"Location":5.0,"Rooms":5.0},"author":"Wilma Becker","date":"2013-12-24 16:18:56 +0300"}],"public_likes":["Moises Herzog","Dayana Mayer","Alek Dickinson"],"vacancy":true,"description":"Historic Inn, where the 19th Century novelist Robert Louis Stevenson is said to have stayed whenever he was journeying to and from the north of the country. The inn is mentioned in his celebrated novel ''Kidnapped''.","alias":null,"pets_ok":false,"free_breakfast":false,"free_internet":false,"free_parking":false}