{"title":"Hollywood","name":"USA Hostels","address":"1624 Schrader Blvd","directions":"5 blocks from metro off Hollywood Blvd","phone":"+1 323 462-3777","tollfree":"+1 800 524-6783","email":null,"fax":"+1 323 417-5152","url":"http://www.usahostels.com/hollywood/","checkin":null,"checkout":null,"price":"Dorms from $30, private rooms from $90","geo":{"lat":34.100585,"lon":-118.332191,"accuracy":"ROOFTOP"},"type":"hotel","id":11788,"country":"United States","city":"Los Angeles","state":"California","reviews":[],"public_likes":["Mrs. Sven Gusikowski","Evangeline Morar","Alejandrin Jaskolski","Mr. Rafael Weimann","Jailyn Huel","Jasper Orn","Loyce Fadel"],"vacancy":false,"description":"The #1 rated hostel in Los Angeles (by hostelworld guests) in 2007 and 2005, USA Hostels is in the heart of Hollywood off Hollywood Blvd on a quiet side street. This 150-bed hostel offers female and mixed 6- and 8-bed dorms and private rooms, free all-you-can-make pancakes, free coffee and tea all day and free wireless internet. The hostel runs many free and discounted activities and tours and a free shuttle three times per week to Venice and Santa Monica beaches.","alias":null,"pets_ok":true,"free_breakfast":true,"free_internet":true,"free_parking":false}