{"title":"San Diego/Balboa Park-Hillcrest","name":"ITH Zoo Hostel","address":"3751 6th ave","directions":null,"phone":"+1 619 955-7723","tollfree":"+1 855 546-3693","email":null,"fax":null,"url":"http://ithhostels.com","checkin":null,"checkout":null,"price":"Dorm beds start around $20","geo":{"lat":32.7461,"lon":-117.1592,"accuracy":"ROOFTOP"},"type":"hotel","id":25120,"country":"United States","city":"San Diego","state":"California","reviews":[],"public_likes":["Miss Dejuan Lakin","Melvina Bayer","Kristin Medhurst","Emanuel Ward","Kristopher Russel","Pink Fadel","Mr. Owen Roob"],"vacancy":false,"description":"A unique and friendly hostel with tons of character. Free food daily as well as free guided adventure activities all around San Diego.","alias":null,"pets_ok":false,"free_breakfast":true,"free_internet":true,"free_parking":false}