{"title":"San Francisco/Nob Hill-Russian Hill","name":"Petite Auberge","address":"863 Bush Street","directions":"between Taylor and Mason","phone":"+1 415 928-6000","tollfree":null,"email":null,"fax":"+1 415 673-7214","url":"http://www.jdvhotels.com/petite_auberge","checkin":null,"checkout":null,"price":null,"geo":{"lat":37.7896,"lon":-122.4114,"accuracy":"ROOFTOP"},"type":"hotel","id":25967,"country":"United States","city":"San Francisco","state":"California","reviews":[],"public_likes":["Kaia Rempel DVM","Damaris Schulist","Dulce Schumm","Dana Hartmann II","Shea Hammes"],"vacancy":true,"description":"A French provincial style inn. Cozy parlor with fireplace, afternoon wine and hors d'oeuvres. Many of the 26 guestrooms offer fireplaces. Breakfast buffet each morning.","alias":null,"pets_ok":false,"free_breakfast":false,"free_internet":false,"free_parking":false}