{"title":"Los Angeles/West","name":"Hotel Palomar","address":"10740 Wilshire Blvd","directions":null,"phone":"+1 310 475-8711","tollfree":null,"email":null,"fax":"+1 310 475-5220","url":"http://www.hotelpalomar-lawestwood.com","checkin":null,"checkout":null,"price":null,"geo":{"lat":34.06023,"lon":-118.43767,"accuracy":"ROOFTOP"},"type":"hotel","id":16686,"country":"United States","city":"Los Angeles","state":"California","reviews":[{"content":"We enjoyed our stay at Melia Hotel. The room was spacious and we had great food around the hotel - eg Times Square, Bukit Bintang, Amoy Street, Pavillion.","ratings":{"Service":4.0,"Cleanliness":4.0,"Overall":4.0,"Value":4.0,"Location":4.0,"Rooms":4.0},"author":"Alexane Lowe","date":"2013-12-02 06:22:20 +0300"},{"content":"We stayed at this hotel 1 night and found it to be fairly comfortable. The bed was a little hard and the room a little small but we weren't in Ponce to hang out in the hotel room. The breakfast wasn't great but the rooftop where they serve it was very enjoyable!","ratings":{"Service":4.0,"Cleanliness":4.0,"Business service (e.g., internet access)":4.0,"Check in / front desk":5.0,"Overall":3.0,"Value":4.0,"Rooms":3.0,"Location":4.0},"author":"Stella Wilkinson","date":"2013-03-20 13:08:34 +0300"},{"content":"Nice hotel, the oldest in town, big rooms with big beds, private bathrooms, clean, elevator available, breakfast included and served on the roof with a nice view. breakfast has not a big choice, staff is friendly but everytime very busy, donÂ´t ask to much. internet terminals available for free","ratings":{"Service":3.0,"Cleanliness":4.0,"Business service (e.g., internet access)":4.0,"Check in / front desk":3.0,"Overall":3.0,"Value":3.0,"Rooms":4.0,"Location":4.0},"author":"Hilbert Haag","date":"2014-02-14 05:49:57 +0300"}],"public_likes":["Aurelia Langosh","Titus Armstrong","Antonette Ondricka","Jennyfer Weber"],"vacancy":true,"description":"4 star luxury boutique hotel.","alias":null,"pets_ok":false,"free_breakfast":true,"free_internet":true,"free_parking":false}