{"title":"Tobermory (Scotland)","name":"Western Isles Hotel","address":null,"directions":null,"phone":"+44 1688  302012","tollfree":null,"email":null,"fax":null,"url":"http://www.mullhotel.com","checkin":null,"checkout":null,"price":null,"geo":{"lat":56.62368,"lon":-6.06432,"accuracy":"APPROXIMATE"},"type":"hotel","id":30259,"country":"United Kingdom","city":"Tobermory","state":null,"reviews":[],"public_likes":["Archibald Osinski","Ivory Greenfelder","Rashawn Cruickshank V","Walton Zulauf","Valerie Batz","Olaf McClure","Jordane Kohler"],"vacancy":true,"description":"Classic highland hotel (built in 1883) on the hill above Tobermory. Rooms from £49 to £169.","alias":null,"pets_ok":true,"free_breakfast":false,"free_internet":true,"free_parking":false}