{"title":"Fontainebleau","name":"Le Grand Parquet","alt":"Equestrian Stadium","address":"RN 152 - Route d’Orléans - Camp Guynemer","directions":null,"phone":"+33 0164234141","tollfree":null,"email":null,"url":"http://www.grand-parquet.com","hours":null,"image":null,"price":null,"content":"After two years of renovation, it has become one of the most beautiful equestrian sites in Europe. Capable of fulfilling its mission as a vast garden for the inhabitants of the Fontainebleau region, it can now accommodate all kinds of events, from shows to concerts and music festivals.","geo":{"lat":48.3922,"lon":2.6723,"accuracy":"RANGE_INTERPOLATED"},"activity":"do","type":"landmark","id":9290,"country":"France","city":"Fontainebleau","state":"Île-de-France"}