{"title":"Fremont","name":"Quarry Lakes Regional Recreation Area","alt":null,"address":"2100 Isherwood Way","directions":"off Paseo Padre Pkwy","phone":null,"tollfree":null,"email":null,"url":"http://www.ebparks.org/parks/quarry_lakes","hours":null,"image":null,"price":null,"content":"Named for the quarries that once supplied gravel for the construction of the western section of the transcontinental railroad, this water-oriented recreation area offers picnicking, boating, swimming and fishing in the lakes that now fill the old quarry pits, but also has room for hiking and wildlife viewing.","geo":{"lat":37.57935,"lon":-122.00782,"accuracy":"RANGE_INTERPOLATED"},"activity":"do","type":"landmark","id":9627,"country":"United States","city":"Fremont","state":"California"}