{"title":"Gateshead","name":"The Sage Gateshead","alt":null,"address":null,"directions":null,"phone":null,"tollfree":null,"email":null,"url":"http://www.thesagegateshead.org/","hours":null,"image":null,"price":null,"content":"A modern music arena, with two large concert halls, bars, restaurant, reference library. The Sage hosts a wide variety of musical talent, especially classical and folk.","geo":{"lat":54.96801,"lon":-1.6013,"accuracy":"RANGE_INTERPOLATED"},"activity":"see","type":"landmark","id":9731,"country":"United Kingdom","city":"Gateshead","state":null}