{"title":"Gateshead","name":"Metro Centre","alt":null,"address":null,"directions":"To the West of the town centre, NOT on the Metro line.","phone":null,"tollfree":null,"email":null,"url":"http://www.metrocentre-gateshead.co.uk/","hours":null,"image":null,"price":null,"content":"A huge indoor shopping centre, see below. This is some way out of town.","geo":{"lat":54.95656,"lon":-1.66932,"accuracy":"RANGE_INTERPOLATED"},"activity":"see","type":"landmark","id":9733,"country":"United Kingdom","city":"Metrocentre","state":null}