{"title":"Eureka","name":"Eureka Books","alt":"Eureka Books","address":"426 Second Street","directions":"in Old Town across from the gazebo","phone":"+1 707 444-9593","tollfree":null,"email":null,"url":"http://www.eurekabooksellers.com","hours":"Open 7 days","image":null,"price":null,"content":"Eureka Books is one of the last classic antiquarian bookstores on the West Coast, offering new, used, and rare books, along with an extraordinary selection of vintage photographs, prints and maps. Located in the heart of Old Town in an elegant Victorian storefront built in 1879, Eureka Books is truly a destination bookstore.","geo":{"lat":40.80432,"lon":-124.167385,"accuracy":"RANGE_INTERPOLATED"},"activity":"buy","type":"landmark","id":9054,"country":"United States","city":"Eureka","state":"California"}