{"title":"Geneva","name":"Salève cable car","alt":"Téléphérique du Salève","address":"Veyrier, France","directions":"Number 8 Bus to either Veyrier Douane or Veyrier Tournettes. Or line 41 to Veyrier-École","phone":null,"tollfree":null,"email":null,"url":"http://www.saleveautrement.ch/Pratique","hours":null,"image":null,"price":null,"content":"Just over the French border, this high alpine ridge has a stunning view of Mt. Blanc and the Lake Geneva area and miles of walking trails. A cute little corner shop in Pas de l'Échelle Village (France) sells about 100 varieties of French cheeses and is open on Sundays. Don't forget your passport. The Association Genevoise des Amis du Salève (AGAS, Tel: 022 796 41 33 or [http://www.rando-saleve.net]) organizes free hikes around Geneva every Sunday. Start at 10AM (sharp) at terminus (End station) of bus number 8 at Veyrier-Douane.","geo":{"lat":46.16274,"lon":6.18919,"accuracy":"RANGE_INTERPOLATED"},"activity":"do","type":"landmark","id":9838,"country":"France","city":"Etrembières","state":"Rhône-Alpes"}