{"id":9535,"type":"route","airline":"AF","airlineid":"airline_137","sourceairport":"FRA","destinationairport":"DTW","stops":0,"equipment":"764","schedule":[{"day":0,"utc":"08:19:00","flight":"AF623"},{"day":1,"utc":"19:01:00","flight":"AF805"},{"day":1,"utc":"12:20:00","flight":"AF441"},{"day":2,"utc":"23:09:00","flight":"AF505"},{"day":2,"utc":"01:55:00","flight":"AF209"},{"day":3,"utc":"01:31:00","flight":"AF798"},{"day":3,"utc":"13:03:00","flight":"AF443"},{"day":3,"utc":"13:24:00","flight":"AF670"},{"day":4,"utc":"02:13:00","flight":"AF917"},{"day":5,"utc":"06:48:00","flight":"AF222"},{"day":5,"utc":"17:28:00","flight":"AF629"},{"day":6,"utc":"06:39:00","flight":"AF670"},{"day":6,"utc":"05:56:00","flight":"AF828"},{"day":6,"utc":"19:29:00","flight":"AF894"},{"day":6,"utc":"10:44:00","flight":"AF174"},{"day":6,"utc":"09:51:00","flight":"AF377"}],"distance":6677.99803617032}