{"id":9489,"type":"route","airline":"AF","airlineid":"airline_137","sourceairport":"DXB","destinationairport":"CDG","stops":0,"equipment":"77W","schedule":[{"day":0,"utc":"01:21:00","flight":"AF666"},{"day":0,"utc":"04:05:00","flight":"AF431"},{"day":0,"utc":"14:06:00","flight":"AF750"},{"day":1,"utc":"06:10:00","flight":"AF494"},{"day":1,"utc":"13:55:00","flight":"AF281"},{"day":1,"utc":"20:48:00","flight":"AF120"},{"day":2,"utc":"09:54:00","flight":"AF465"},{"day":2,"utc":"12:32:00","flight":"AF412"},{"day":3,"utc":"15:26:00","flight":"AF852"},{"day":3,"utc":"16:13:00","flight":"AF796"},{"day":3,"utc":"20:21:00","flight":"AF291"},{"day":4,"utc":"05:32:00","flight":"AF870"},{"day":4,"utc":"02:51:00","flight":"AF819"},{"day":5,"utc":"06:31:00","flight":"AF858"},{"day":5,"utc":"17:56:00","flight":"AF471"},{"day":5,"utc":"09:07:00","flight":"AF760"},{"day":5,"utc":"11:59:00","flight":"AF999"},{"day":5,"utc":"02:06:00","flight":"AF309"},{"day":6,"utc":"20:51:00","flight":"AF762"},{"day":6,"utc":"16:49:00","flight":"AF991"}],"distance":5238.6258888014845}