{"id":9260,"type":"route","airline":"AF","airlineid":"airline_137","sourceairport":"CDG","destinationairport":"ABV","stops":0,"equipment":"332","schedule":[{"day":0,"utc":"00:32:00","flight":"AF370"},{"day":0,"utc":"08:00:00","flight":"AF572"},{"day":0,"utc":"15:01:00","flight":"AF392"},{"day":0,"utc":"17:07:00","flight":"AF464"},{"day":1,"utc":"19:29:00","flight":"AF602"},{"day":1,"utc":"08:12:00","flight":"AF674"},{"day":2,"utc":"10:59:00","flight":"AF654"},{"day":2,"utc":"19:21:00","flight":"AF308"},{"day":3,"utc":"02:19:00","flight":"AF054"},{"day":3,"utc":"21:55:00","flight":"AF571"},{"day":3,"utc":"01:11:00","flight":"AF586"},{"day":3,"utc":"01:24:00","flight":"AF113"},{"day":3,"utc":"12:14:00","flight":"AF341"},{"day":4,"utc":"16:08:00","flight":"AF231"},{"day":4,"utc":"18:00:00","flight":"AF837"},{"day":4,"utc":"06:41:00","flight":"AF506"},{"day":4,"utc":"04:39:00","flight":"AF652"},{"day":4,"utc":"16:59:00","flight":"AF471"},{"day":5,"utc":"19:19:00","flight":"AF456"},{"day":5,"utc":"13:00:00","flight":"AF746"},{"day":5,"utc":"19:04:00","flight":"AF393"},{"day":6,"utc":"21:05:00","flight":"AF657"},{"day":6,"utc":"12:10:00","flight":"AF940"},{"day":6,"utc":"21:07:00","flight":"AF120"}],"distance":4470.127733643312}