{"id":9384,"type":"route","airline":"AF","airlineid":"airline_137","sourceairport":"CDG","destinationairport":"PRG","stops":0,"equipment":"321 320 32A","schedule":[{"day":0,"utc":"19:45:00","flight":"AF648"},{"day":0,"utc":"20:53:00","flight":"AF122"},{"day":0,"utc":"08:35:00","flight":"AF435"},{"day":0,"utc":"08:22:00","flight":"AF628"},{"day":0,"utc":"10:27:00","flight":"AF862"},{"day":1,"utc":"20:13:00","flight":"AF345"},{"day":1,"utc":"13:29:00","flight":"AF491"},{"day":1,"utc":"10:25:00","flight":"AF298"},{"day":1,"utc":"11:53:00","flight":"AF353"},{"day":1,"utc":"05:44:00","flight":"AF941"},{"day":2,"utc":"20:14:00","flight":"AF192"},{"day":2,"utc":"10:38:00","flight":"AF777"},{"day":2,"utc":"06:43:00","flight":"AF760"},{"day":3,"utc":"22:24:00","flight":"AF704"},{"day":3,"utc":"11:43:00","flight":"AF185"},{"day":3,"utc":"21:55:00","flight":"AF706"},{"day":3,"utc":"02:31:00","flight":"AF727"},{"day":3,"utc":"12:09:00","flight":"AF772"},{"day":4,"utc":"22:31:00","flight":"AF657"},{"day":4,"utc":"12:12:00","flight":"AF946"},{"day":5,"utc":"06:51:00","flight":"AF904"},{"day":5,"utc":"04:44:00","flight":"AF283"},{"day":5,"utc":"20:02:00","flight":"AF874"},{"day":5,"utc":"14:52:00","flight":"AF510"},{"day":6,"utc":"13:29:00","flight":"AF595"},{"day":6,"utc":"20:32:00","flight":"AF986"},{"day":6,"utc":"15:24:00","flight":"AF194"},{"day":6,"utc":"15:14:00","flight":"AF775"},{"day":6,"utc":"11:14:00","flight":"AF716"}],"distance":852.3717058615096}