{"id":9968,"type":"route","airline":"AF","airlineid":"airline_137","sourceairport":"STR","destinationairport":"ATL","stops":0,"equipment":"76W","schedule":[{"day":0,"utc":"00:45:00","flight":"AF527"},{"day":0,"utc":"01:27:00","flight":"AF708"},{"day":0,"utc":"20:41:00","flight":"AF527"},{"day":0,"utc":"21:50:00","flight":"AF225"},{"day":0,"utc":"01:26:00","flight":"AF279"},{"day":1,"utc":"15:33:00","flight":"AF377"},{"day":1,"utc":"19:44:00","flight":"AF613"},{"day":2,"utc":"13:53:00","flight":"AF843"},{"day":2,"utc":"02:10:00","flight":"AF836"},{"day":3,"utc":"06:52:00","flight":"AF007"},{"day":3,"utc":"23:00:00","flight":"AF558"},{"day":3,"utc":"22:58:00","flight":"AF809"},{"day":3,"utc":"11:22:00","flight":"AF678"},{"day":4,"utc":"11:31:00","flight":"AF366"},{"day":4,"utc":"15:58:00","flight":"AF759"},{"day":5,"utc":"09:18:00","flight":"AF052"},{"day":6,"utc":"05:55:00","flight":"AF642"},{"day":6,"utc":"12:18:00","flight":"AF187"},{"day":6,"utc":"02:37:00","flight":"AF318"},{"day":6,"utc":"16:09:00","flight":"AF212"}],"distance":7516.637842324149}