{"id":9959,"type":"route","airline":"AF","airlineid":"airline_137","sourceairport":"SOU","destinationairport":"LRH","stops":0,"equipment":"DH4","schedule":[{"day":0,"utc":"04:25:00","flight":"AF976"},{"day":1,"utc":"02:14:00","flight":"AF788"},{"day":1,"utc":"03:24:00","flight":"AF983"},{"day":1,"utc":"07:23:00","flight":"AF151"},{"day":1,"utc":"12:02:00","flight":"AF485"},{"day":1,"utc":"10:55:00","flight":"AF154"},{"day":2,"utc":"07:12:00","flight":"AF949"},{"day":2,"utc":"01:53:00","flight":"AF549"},{"day":3,"utc":"09:28:00","flight":"AF471"},{"day":4,"utc":"11:11:00","flight":"AF924"},{"day":4,"utc":"12:14:00","flight":"AF131"},{"day":4,"utc":"18:37:00","flight":"AF272"},{"day":4,"utc":"23:18:00","flight":"AF513"},{"day":5,"utc":"00:22:00","flight":"AF347"},{"day":5,"utc":"04:33:00","flight":"AF427"},{"day":5,"utc":"18:39:00","flight":"AF442"},{"day":6,"utc":"10:02:00","flight":"AF665"},{"day":6,"utc":"11:35:00","flight":"AF025"},{"day":6,"utc":"14:27:00","flight":"AF575"}],"distance":530.650533718303}