{"id":9775,"type":"route","airline":"AF","airlineid":"airline_137","sourceairport":"MUC","destinationairport":"ATL","stops":0,"equipment":"764","schedule":[{"day":0,"utc":"13:53:00","flight":"AF294"},{"day":0,"utc":"08:04:00","flight":"AF032"},{"day":0,"utc":"16:12:00","flight":"AF601"},{"day":1,"utc":"10:14:00","flight":"AF724"},{"day":1,"utc":"21:53:00","flight":"AF620"},{"day":1,"utc":"10:37:00","flight":"AF138"},{"day":1,"utc":"03:52:00","flight":"AF190"},{"day":2,"utc":"16:43:00","flight":"AF842"},{"day":3,"utc":"09:46:00","flight":"AF190"},{"day":3,"utc":"21:55:00","flight":"AF703"},{"day":3,"utc":"16:39:00","flight":"AF836"},{"day":4,"utc":"10:24:00","flight":"AF662"},{"day":4,"utc":"18:49:00","flight":"AF337"},{"day":4,"utc":"10:08:00","flight":"AF329"},{"day":4,"utc":"03:55:00","flight":"AF578"},{"day":4,"utc":"11:22:00","flight":"AF293"},{"day":5,"utc":"14:49:00","flight":"AF727"},{"day":5,"utc":"13:46:00","flight":"AF907"},{"day":5,"utc":"10:57:00","flight":"AF231"},{"day":5,"utc":"01:24:00","flight":"AF581"},{"day":6,"utc":"21:19:00","flight":"AF606"},{"day":6,"utc":"17:02:00","flight":"AF493"},{"day":6,"utc":"21:00:00","flight":"AF811"},{"day":6,"utc":"09:29:00","flight":"AF138"},{"day":6,"utc":"23:45:00","flight":"AF087"}],"distance":7701.96335417369}