{"id":9565,"type":"route","airline":"AF","airlineid":"airline_137","sourceairport":"HAM","destinationairport":"TLS","stops":0,"equipment":"319","schedule":[{"day":0,"utc":"01:48:00","flight":"AF119"},{"day":0,"utc":"08:47:00","flight":"AF308"},{"day":0,"utc":"23:40:00","flight":"AF574"},{"day":0,"utc":"01:29:00","flight":"AF539"},{"day":0,"utc":"01:38:00","flight":"AF849"},{"day":1,"utc":"15:46:00","flight":"AF840"},{"day":1,"utc":"03:42:00","flight":"AF369"},{"day":2,"utc":"00:21:00","flight":"AF971"},{"day":3,"utc":"21:39:00","flight":"AF240"},{"day":3,"utc":"16:21:00","flight":"AF292"},{"day":3,"utc":"04:26:00","flight":"AF926"},{"day":3,"utc":"16:05:00","flight":"AF924"},{"day":3,"utc":"20:22:00","flight":"AF625"},{"day":4,"utc":"16:59:00","flight":"AF648"},{"day":5,"utc":"12:53:00","flight":"AF422"},{"day":5,"utc":"13:15:00","flight":"AF668"},{"day":5,"utc":"06:58:00","flight":"AF625"},{"day":5,"utc":"15:10:00","flight":"AF019"},{"day":5,"utc":"05:16:00","flight":"AF348"},{"day":6,"utc":"11:04:00","flight":"AF322"},{"day":6,"utc":"10:37:00","flight":"AF664"},{"day":6,"utc":"18:00:00","flight":"AF906"}],"distance":1277.920368466386}