{"id":9626,"type":"route","airline":"AF","airlineid":"airline_137","sourceairport":"LBV","destinationairport":"CDG","stops":0,"equipment":"772 77W","schedule":[{"day":0,"utc":"22:41:00","flight":"AF035"},{"day":0,"utc":"14:26:00","flight":"AF258"},{"day":0,"utc":"10:26:00","flight":"AF150"},{"day":0,"utc":"02:26:00","flight":"AF325"},{"day":0,"utc":"05:19:00","flight":"AF118"},{"day":1,"utc":"00:51:00","flight":"AF663"},{"day":1,"utc":"23:17:00","flight":"AF756"},{"day":1,"utc":"00:01:00","flight":"AF402"},{"day":1,"utc":"19:20:00","flight":"AF859"},{"day":1,"utc":"09:04:00","flight":"AF107"},{"day":2,"utc":"06:25:00","flight":"AF600"},{"day":3,"utc":"13:20:00","flight":"AF967"},{"day":3,"utc":"20:35:00","flight":"AF525"},{"day":3,"utc":"20:18:00","flight":"AF276"},{"day":4,"utc":"19:28:00","flight":"AF832"},{"day":5,"utc":"11:44:00","flight":"AF267"},{"day":5,"utc":"16:24:00","flight":"AF721"},{"day":6,"utc":"03:25:00","flight":"AF105"},{"day":6,"utc":"01:30:00","flight":"AF090"},{"day":6,"utc":"14:28:00","flight":"AF953"},{"day":6,"utc":"19:11:00","flight":"AF151"}],"distance":5438.803268853821}