{"id":9814,"type":"route","airline":"AF","airlineid":"airline_137","sourceairport":"NRT","destinationairport":"CDG","stops":0,"equipment":"77W 788 388","schedule":[{"day":0,"utc":"19:43:00","flight":"AF455"},{"day":1,"utc":"01:11:00","flight":"AF876"},{"day":1,"utc":"02:28:00","flight":"AF438"},{"day":1,"utc":"23:12:00","flight":"AF033"},{"day":1,"utc":"22:46:00","flight":"AF466"},{"day":1,"utc":"21:50:00","flight":"AF566"},{"day":2,"utc":"00:31:00","flight":"AF531"},{"day":2,"utc":"08:51:00","flight":"AF109"},{"day":2,"utc":"17:35:00","flight":"AF625"},{"day":2,"utc":"04:25:00","flight":"AF810"},{"day":3,"utc":"09:25:00","flight":"AF138"},{"day":3,"utc":"16:54:00","flight":"AF223"},{"day":3,"utc":"14:32:00","flight":"AF085"},{"day":3,"utc":"22:57:00","flight":"AF702"},{"day":4,"utc":"01:15:00","flight":"AF581"},{"day":4,"utc":"05:04:00","flight":"AF955"},{"day":4,"utc":"14:52:00","flight":"AF217"},{"day":4,"utc":"05:31:00","flight":"AF921"},{"day":5,"utc":"06:09:00","flight":"AF069"},{"day":5,"utc":"01:05:00","flight":"AF273"},{"day":5,"utc":"23:36:00","flight":"AF284"},{"day":6,"utc":"21:12:00","flight":"AF980"},{"day":6,"utc":"19:16:00","flight":"AF947"},{"day":6,"utc":"12:50:00","flight":"AF665"}],"distance":9709.94407515757}