{"id":9220,"type":"route","airline":"AF","airlineid":"airline_137","sourceairport":"BNA","destinationairport":"ATL","stops":0,"equipment":"M88 319 320 717","schedule":[{"day":0,"utc":"04:16:00","flight":"AF494"},{"day":0,"utc":"10:38:00","flight":"AF316"},{"day":1,"utc":"12:59:00","flight":"AF287"},{"day":1,"utc":"11:09:00","flight":"AF241"},{"day":1,"utc":"16:13:00","flight":"AF113"},{"day":1,"utc":"00:33:00","flight":"AF861"},{"day":2,"utc":"07:30:00","flight":"AF733"},{"day":2,"utc":"08:49:00","flight":"AF619"},{"day":2,"utc":"08:43:00","flight":"AF747"},{"day":3,"utc":"10:23:00","flight":"AF524"},{"day":3,"utc":"07:16:00","flight":"AF019"},{"day":3,"utc":"20:06:00","flight":"AF848"},{"day":3,"utc":"18:01:00","flight":"AF324"},{"day":4,"utc":"21:47:00","flight":"AF466"},{"day":4,"utc":"01:01:00","flight":"AF566"},{"day":4,"utc":"21:53:00","flight":"AF764"},{"day":4,"utc":"02:06:00","flight":"AF898"},{"day":5,"utc":"21:24:00","flight":"AF287"},{"day":5,"utc":"01:33:00","flight":"AF970"},{"day":5,"utc":"21:26:00","flight":"AF169"},{"day":6,"utc":"09:31:00","flight":"AF441"}],"distance":344.4303993363696}