{"id":9970,"type":"route","airline":"AF","airlineid":"airline_137","sourceairport":"STT","destinationairport":"ATL","stops":0,"equipment":"757","schedule":[{"day":0,"utc":"04:59:00","flight":"AF382"},{"day":0,"utc":"01:24:00","flight":"AF629"},{"day":1,"utc":"03:53:00","flight":"AF705"},{"day":1,"utc":"22:09:00","flight":"AF274"},{"day":1,"utc":"00:55:00","flight":"AF306"},{"day":1,"utc":"22:33:00","flight":"AF248"},{"day":2,"utc":"23:36:00","flight":"AF785"},{"day":2,"utc":"20:20:00","flight":"AF853"},{"day":2,"utc":"08:17:00","flight":"AF021"},{"day":3,"utc":"03:21:00","flight":"AF114"},{"day":3,"utc":"11:41:00","flight":"AF257"},{"day":3,"utc":"04:12:00","flight":"AF139"},{"day":4,"utc":"17:36:00","flight":"AF172"},{"day":5,"utc":"14:44:00","flight":"AF314"},{"day":5,"utc":"05:34:00","flight":"AF534"},{"day":5,"utc":"10:21:00","flight":"AF799"},{"day":5,"utc":"21:37:00","flight":"AF181"},{"day":5,"utc":"09:03:00","flight":"AF365"},{"day":6,"utc":"03:55:00","flight":"AF212"}],"distance":2574.813211635872}