{"id":9240,"type":"route","airline":"AF","airlineid":"airline_137","sourceairport":"BSL","destinationairport":"CDG","stops":0,"equipment":"AT7","schedule":[{"day":0,"utc":"14:14:00","flight":"AF511"},{"day":1,"utc":"17:49:00","flight":"AF303"},{"day":1,"utc":"06:24:00","flight":"AF607"},{"day":1,"utc":"17:07:00","flight":"AF070"},{"day":1,"utc":"21:24:00","flight":"AF736"},{"day":2,"utc":"02:58:00","flight":"AF891"},{"day":2,"utc":"15:59:00","flight":"AF957"},{"day":3,"utc":"08:36:00","flight":"AF382"},{"day":4,"utc":"16:39:00","flight":"AF441"},{"day":4,"utc":"14:34:00","flight":"AF557"},{"day":5,"utc":"20:20:00","flight":"AF463"},{"day":5,"utc":"10:03:00","flight":"AF710"},{"day":6,"utc":"19:41:00","flight":"AF036"},{"day":6,"utc":"02:21:00","flight":"AF827"}],"distance":400.74077455953943}