{"id":9547,"type":"route","airline":"AF","airlineid":"airline_137","sourceairport":"GOT","destinationairport":"CDG","stops":0,"equipment":"E90 E70","schedule":[{"day":0,"utc":"20:28:00","flight":"AF619"},{"day":0,"utc":"21:35:00","flight":"AF614"},{"day":0,"utc":"09:34:00","flight":"AF169"},{"day":1,"utc":"14:53:00","flight":"AF050"},{"day":1,"utc":"01:27:00","flight":"AF028"},{"day":1,"utc":"07:26:00","flight":"AF743"},{"day":2,"utc":"00:48:00","flight":"AF875"},{"day":2,"utc":"19:12:00","flight":"AF706"},{"day":2,"utc":"07:33:00","flight":"AF796"},{"day":2,"utc":"08:44:00","flight":"AF255"},{"day":3,"utc":"11:08:00","flight":"AF302"},{"day":3,"utc":"16:41:00","flight":"AF003"},{"day":3,"utc":"19:01:00","flight":"AF443"},{"day":3,"utc":"01:32:00","flight":"AF426"},{"day":4,"utc":"04:02:00","flight":"AF689"},{"day":4,"utc":"17:35:00","flight":"AF367"},{"day":4,"utc":"22:07:00","flight":"AF212"},{"day":5,"utc":"12:26:00","flight":"AF154"},{"day":6,"utc":"11:41:00","flight":"AF031"},{"day":6,"utc":"06:18:00","flight":"AF892"},{"day":6,"utc":"08:22:00","flight":"AF330"},{"day":6,"utc":"23:21:00","flight":"AF976"},{"day":6,"utc":"03:56:00","flight":"AF669"}],"distance":1156.168253040675}