{"id":9640,"type":"route","airline":"AF","airlineid":"airline_137","sourceairport":"LCY","destinationairport":"RTM","stops":0,"equipment":"F50 AR8","schedule":[{"day":0,"utc":"05:22:00","flight":"AF705"},{"day":0,"utc":"03:13:00","flight":"AF772"},{"day":0,"utc":"05:50:00","flight":"AF466"},{"day":0,"utc":"12:48:00","flight":"AF863"},{"day":0,"utc":"06:00:00","flight":"AF048"},{"day":1,"utc":"15:21:00","flight":"AF325"},{"day":2,"utc":"08:49:00","flight":"AF597"},{"day":3,"utc":"22:39:00","flight":"AF338"},{"day":3,"utc":"14:27:00","flight":"AF902"},{"day":3,"utc":"09:08:00","flight":"AF368"},{"day":3,"utc":"20:01:00","flight":"AF237"},{"day":3,"utc":"14:09:00","flight":"AF522"},{"day":4,"utc":"11:01:00","flight":"AF445"},{"day":4,"utc":"14:22:00","flight":"AF114"},{"day":4,"utc":"00:14:00","flight":"AF051"},{"day":4,"utc":"05:15:00","flight":"AF591"},{"day":4,"utc":"21:08:00","flight":"AF161"},{"day":5,"utc":"12:19:00","flight":"AF218"},{"day":5,"utc":"05:15:00","flight":"AF555"},{"day":6,"utc":"18:30:00","flight":"AF002"},{"day":6,"utc":"01:35:00","flight":"AF728"},{"day":6,"utc":"06:38:00","flight":"AF882"},{"day":6,"utc":"10:49:00","flight":"AF715"}],"distance":305.88098596685177}