{"id":9175,"type":"route","airline":"AF","airlineid":"airline_137","sourceairport":"ATL","destinationairport":"YYZ","stops":0,"equipment":"CR9","schedule":[{"day":0,"utc":"02:34:00","flight":"AF906"},{"day":0,"utc":"02:49:00","flight":"AF314"},{"day":1,"utc":"11:14:00","flight":"AF238"},{"day":1,"utc":"20:46:00","flight":"AF098"},{"day":1,"utc":"13:01:00","flight":"AF154"},{"day":1,"utc":"02:04:00","flight":"AF434"},{"day":2,"utc":"21:33:00","flight":"AF527"},{"day":2,"utc":"21:31:00","flight":"AF525"},{"day":2,"utc":"06:45:00","flight":"AF283"},{"day":2,"utc":"11:02:00","flight":"AF526"},{"day":3,"utc":"00:09:00","flight":"AF175"},{"day":3,"utc":"07:46:00","flight":"AF820"},{"day":4,"utc":"01:13:00","flight":"AF493"},{"day":5,"utc":"17:11:00","flight":"AF757"},{"day":5,"utc":"12:47:00","flight":"AF271"},{"day":5,"utc":"12:50:00","flight":"AF471"},{"day":5,"utc":"02:01:00","flight":"AF452"},{"day":5,"utc":"09:13:00","flight":"AF162"},{"day":6,"utc":"00:17:00","flight":"AF475"},{"day":6,"utc":"02:32:00","flight":"AF580"},{"day":6,"utc":"20:56:00","flight":"AF131"},{"day":6,"utc":"19:04:00","flight":"AF455"}],"distance":1191.0776933444574}