{"id":9354,"type":"route","airline":"AF","airlineid":"airline_137","sourceairport":"CDG","destinationairport":"LYS","stops":0,"equipment":"320 319 318","schedule":[{"day":0,"utc":"06:26:00","flight":"AF741"},{"day":0,"utc":"22:20:00","flight":"AF726"},{"day":0,"utc":"14:27:00","flight":"AF105"},{"day":0,"utc":"18:59:00","flight":"AF099"},{"day":0,"utc":"09:22:00","flight":"AF557"},{"day":1,"utc":"10:57:00","flight":"AF382"},{"day":1,"utc":"09:57:00","flight":"AF769"},{"day":1,"utc":"22:53:00","flight":"AF867"},{"day":1,"utc":"06:54:00","flight":"AF653"},{"day":1,"utc":"07:48:00","flight":"AF022"},{"day":2,"utc":"17:32:00","flight":"AF052"},{"day":3,"utc":"05:32:00","flight":"AF338"},{"day":4,"utc":"20:34:00","flight":"AF700"},{"day":4,"utc":"05:49:00","flight":"AF736"},{"day":4,"utc":"08:35:00","flight":"AF201"},{"day":4,"utc":"17:36:00","flight":"AF300"},{"day":4,"utc":"20:56:00","flight":"AF456"},{"day":5,"utc":"13:55:00","flight":"AF468"},{"day":5,"utc":"15:06:00","flight":"AF025"},{"day":6,"utc":"10:33:00","flight":"AF433"},{"day":6,"utc":"17:57:00","flight":"AF822"},{"day":6,"utc":"07:44:00","flight":"AF468"},{"day":6,"utc":"19:29:00","flight":"AF462"},{"day":6,"utc":"20:15:00","flight":"AF131"}],"distance":412.4364968356663}