{"id":9447,"type":"route","airline":"AF","airlineid":"airline_137","sourceairport":"CRW","destinationairport":"ATL","stops":0,"equipment":"CRJ","schedule":[{"day":0,"utc":"01:22:00","flight":"AF457"},{"day":0,"utc":"00:01:00","flight":"AF634"},{"day":0,"utc":"08:07:00","flight":"AF000"},{"day":0,"utc":"12:11:00","flight":"AF159"},{"day":0,"utc":"05:54:00","flight":"AF473"},{"day":1,"utc":"07:15:00","flight":"AF193"},{"day":1,"utc":"12:16:00","flight":"AF802"},{"day":1,"utc":"03:02:00","flight":"AF527"},{"day":2,"utc":"04:06:00","flight":"AF068"},{"day":2,"utc":"23:06:00","flight":"AF562"},{"day":2,"utc":"04:50:00","flight":"AF331"},{"day":3,"utc":"03:14:00","flight":"AF952"},{"day":3,"utc":"13:28:00","flight":"AF791"},{"day":4,"utc":"23:03:00","flight":"AF330"},{"day":5,"utc":"16:14:00","flight":"AF826"},{"day":5,"utc":"02:56:00","flight":"AF444"},{"day":6,"utc":"17:03:00","flight":"AF450"}],"distance":585.0687536250066}