{"id":9177,"type":"route","airline":"AF","airlineid":"airline_137","sourceairport":"AUH","destinationairport":"AMS","stops":0,"equipment":"330","schedule":[{"day":0,"utc":"04:38:00","flight":"AF417"},{"day":0,"utc":"13:54:00","flight":"AF312"},{"day":0,"utc":"14:53:00","flight":"AF584"},{"day":1,"utc":"09:00:00","flight":"AF807"},{"day":1,"utc":"10:39:00","flight":"AF799"},{"day":2,"utc":"22:45:00","flight":"AF414"},{"day":2,"utc":"16:59:00","flight":"AF372"},{"day":3,"utc":"00:30:00","flight":"AF414"},{"day":4,"utc":"17:36:00","flight":"AF244"},{"day":4,"utc":"23:34:00","flight":"AF829"},{"day":5,"utc":"01:24:00","flight":"AF344"},{"day":5,"utc":"19:26:00","flight":"AF087"},{"day":5,"utc":"21:35:00","flight":"AF564"},{"day":6,"utc":"03:06:00","flight":"AF060"},{"day":6,"utc":"00:26:00","flight":"AF590"},{"day":6,"utc":"08:57:00","flight":"AF995"},{"day":6,"utc":"23:03:00","flight":"AF885"},{"day":6,"utc":"19:32:00","flight":"AF797"}],"distance":5191.569419292432}