{"id":9825,"type":"route","airline":"AF","airlineid":"airline_137","sourceairport":"NTE","destinationairport":"MAN","stops":0,"equipment":"E75 DH4","schedule":[{"day":0,"utc":"19:02:00","flight":"AF674"},{"day":1,"utc":"14:24:00","flight":"AF200"},{"day":1,"utc":"04:36:00","flight":"AF629"},{"day":1,"utc":"00:40:00","flight":"AF016"},{"day":1,"utc":"23:01:00","flight":"AF695"},{"day":2,"utc":"20:08:00","flight":"AF842"},{"day":2,"utc":"04:36:00","flight":"AF254"},{"day":2,"utc":"05:45:00","flight":"AF805"},{"day":2,"utc":"00:03:00","flight":"AF797"},{"day":3,"utc":"23:11:00","flight":"AF572"},{"day":3,"utc":"20:49:00","flight":"AF653"},{"day":3,"utc":"22:34:00","flight":"AF682"},{"day":3,"utc":"19:19:00","flight":"AF432"},{"day":3,"utc":"01:04:00","flight":"AF610"},{"day":4,"utc":"12:56:00","flight":"AF551"},{"day":5,"utc":"16:27:00","flight":"AF010"},{"day":5,"utc":"18:11:00","flight":"AF340"},{"day":5,"utc":"14:58:00","flight":"AF277"},{"day":5,"utc":"04:31:00","flight":"AF445"},{"day":6,"utc":"21:44:00","flight":"AF606"},{"day":6,"utc":"23:41:00","flight":"AF116"}],"distance":691.0772395443752}