{"id":9263,"type":"route","airline":"AF","airlineid":"airline_137","sourceairport":"CDG","destinationairport":"ALG","stops":0,"equipment":"319","schedule":[{"day":0,"utc":"19:16:00","flight":"AF995"},{"day":1,"utc":"02:48:00","flight":"AF506"},{"day":1,"utc":"22:03:00","flight":"AF339"},{"day":1,"utc":"18:20:00","flight":"AF359"},{"day":1,"utc":"19:51:00","flight":"AF813"},{"day":1,"utc":"17:13:00","flight":"AF618"},{"day":2,"utc":"13:17:00","flight":"AF913"},{"day":2,"utc":"16:46:00","flight":"AF407"},{"day":3,"utc":"07:00:00","flight":"AF087"},{"day":4,"utc":"07:54:00","flight":"AF340"},{"day":4,"utc":"07:14:00","flight":"AF370"},{"day":4,"utc":"10:00:00","flight":"AF519"},{"day":4,"utc":"22:46:00","flight":"AF190"},{"day":4,"utc":"16:38:00","flight":"AF201"},{"day":5,"utc":"14:32:00","flight":"AF708"},{"day":5,"utc":"16:58:00","flight":"AF267"},{"day":5,"utc":"02:10:00","flight":"AF703"},{"day":5,"utc":"09:11:00","flight":"AF529"},{"day":6,"utc":"13:53:00","flight":"AF482"},{"day":6,"utc":"13:30:00","flight":"AF191"},{"day":6,"utc":"20:16:00","flight":"AF010"},{"day":6,"utc":"16:42:00","flight":"AF482"},{"day":6,"utc":"06:07:00","flight":"AF484"}],"distance":1371.176218947926}