{"id":9554,"type":"route","airline":"AF","airlineid":"airline_137","sourceairport":"GSO","destinationairport":"ATL","stops":0,"equipment":"CR9 CR7 M88","schedule":[{"day":0,"utc":"13:30:00","flight":"AF980"},{"day":1,"utc":"14:39:00","flight":"AF195"},{"day":1,"utc":"17:14:00","flight":"AF177"},{"day":1,"utc":"05:45:00","flight":"AF647"},{"day":1,"utc":"04:27:00","flight":"AF486"},{"day":2,"utc":"20:16:00","flight":"AF247"},{"day":2,"utc":"22:01:00","flight":"AF482"},{"day":3,"utc":"17:02:00","flight":"AF057"},{"day":3,"utc":"17:04:00","flight":"AF172"},{"day":3,"utc":"23:57:00","flight":"AF653"},{"day":3,"utc":"03:27:00","flight":"AF738"},{"day":3,"utc":"23:38:00","flight":"AF804"},{"day":4,"utc":"18:23:00","flight":"AF085"},{"day":4,"utc":"19:30:00","flight":"AF435"},{"day":5,"utc":"10:36:00","flight":"AF182"},{"day":5,"utc":"10:22:00","flight":"AF843"},{"day":5,"utc":"07:31:00","flight":"AF148"},{"day":5,"utc":"00:09:00","flight":"AF929"},{"day":5,"utc":"12:58:00","flight":"AF379"},{"day":6,"utc":"07:04:00","flight":"AF334"},{"day":6,"utc":"00:47:00","flight":"AF137"},{"day":6,"utc":"00:01:00","flight":"AF920"},{"day":6,"utc":"22:30:00","flight":"AF467"},{"day":6,"utc":"03:42:00","flight":"AF321"}],"distance":492.5993568707246}