{"id":9566,"type":"route","airline":"AF","airlineid":"airline_137","sourceairport":"HAN","destinationairport":"CDG","stops":0,"equipment":"777","schedule":[{"day":0,"utc":"10:48:00","flight":"AF647"},{"day":0,"utc":"21:12:00","flight":"AF778"},{"day":0,"utc":"17:04:00","flight":"AF177"},{"day":0,"utc":"04:18:00","flight":"AF182"},{"day":0,"utc":"04:40:00","flight":"AF880"},{"day":1,"utc":"08:07:00","flight":"AF661"},{"day":1,"utc":"17:27:00","flight":"AF295"},{"day":1,"utc":"00:41:00","flight":"AF233"},{"day":2,"utc":"02:08:00","flight":"AF901"},{"day":2,"utc":"08:39:00","flight":"AF760"},{"day":2,"utc":"20:56:00","flight":"AF054"},{"day":3,"utc":"15:42:00","flight":"AF669"},{"day":4,"utc":"20:49:00","flight":"AF642"},{"day":4,"utc":"15:57:00","flight":"AF358"},{"day":4,"utc":"08:50:00","flight":"AF660"},{"day":4,"utc":"19:38:00","flight":"AF788"},{"day":5,"utc":"07:46:00","flight":"AF974"},{"day":5,"utc":"07:07:00","flight":"AF914"},{"day":5,"utc":"14:28:00","flight":"AF320"},{"day":5,"utc":"18:27:00","flight":"AF859"},{"day":5,"utc":"06:54:00","flight":"AF134"},{"day":6,"utc":"03:26:00","flight":"AF115"}],"distance":9157.5300521764}