{"id":9851,"type":"route","airline":"AF","airlineid":"airline_137","sourceairport":"ORY","destinationairport":"MAD","stops":0,"equipment":"E90 738","schedule":[{"day":0,"utc":"16:26:00","flight":"AF380"},{"day":0,"utc":"14:20:00","flight":"AF304"},{"day":0,"utc":"17:37:00","flight":"AF817"},{"day":0,"utc":"17:57:00","flight":"AF962"},{"day":0,"utc":"10:52:00","flight":"AF836"},{"day":1,"utc":"00:36:00","flight":"AF741"},{"day":2,"utc":"01:55:00","flight":"AF108"},{"day":3,"utc":"22:22:00","flight":"AF231"},{"day":3,"utc":"17:54:00","flight":"AF482"},{"day":4,"utc":"13:09:00","flight":"AF582"},{"day":5,"utc":"17:36:00","flight":"AF908"},{"day":5,"utc":"00:08:00","flight":"AF724"},{"day":5,"utc":"20:06:00","flight":"AF508"},{"day":5,"utc":"14:48:00","flight":"AF362"},{"day":6,"utc":"23:57:00","flight":"AF514"}],"distance":1027.772256213618}