{"id":9002,"type":"route","airline":"AF","airlineid":"airline_137","sourceairport":"AMS","destinationairport":"LCY","stops":0,"equipment":"AR8","schedule":[{"day":0,"utc":"09:08:00","flight":"AF303"},{"day":0,"utc":"09:12:00","flight":"AF487"},{"day":1,"utc":"08:53:00","flight":"AF083"},{"day":1,"utc":"00:35:00","flight":"AF320"},{"day":1,"utc":"07:12:00","flight":"AF641"},{"day":2,"utc":"20:40:00","flight":"AF705"},{"day":3,"utc":"10:07:00","flight":"AF757"},{"day":3,"utc":"23:03:00","flight":"AF521"},{"day":3,"utc":"22:24:00","flight":"AF322"},{"day":4,"utc":"17:13:00","flight":"AF737"},{"day":5,"utc":"04:47:00","flight":"AF238"},{"day":5,"utc":"14:09:00","flight":"AF297"},{"day":5,"utc":"14:23:00","flight":"AF659"},{"day":5,"utc":"11:09:00","flight":"AF483"},{"day":5,"utc":"07:42:00","flight":"AF927"},{"day":6,"utc":"04:48:00","flight":"AF037"}],"distance":335.068272263461}