{"id":9628,"type":"route","airline":"AF","airlineid":"airline_137","sourceairport":"LCY","destinationairport":"AMS","stops":0,"equipment":"AR8","schedule":[{"day":0,"utc":"08:55:00","flight":"AF048"},{"day":0,"utc":"06:07:00","flight":"AF358"},{"day":0,"utc":"23:39:00","flight":"AF001"},{"day":0,"utc":"19:25:00","flight":"AF489"},{"day":1,"utc":"09:11:00","flight":"AF904"},{"day":1,"utc":"15:11:00","flight":"AF075"},{"day":1,"utc":"15:53:00","flight":"AF929"},{"day":1,"utc":"18:19:00","flight":"AF294"},{"day":1,"utc":"06:56:00","flight":"AF173"},{"day":2,"utc":"23:48:00","flight":"AF716"},{"day":2,"utc":"11:12:00","flight":"AF121"},{"day":3,"utc":"21:37:00","flight":"AF617"},{"day":3,"utc":"08:02:00","flight":"AF178"},{"day":3,"utc":"03:02:00","flight":"AF879"},{"day":4,"utc":"05:43:00","flight":"AF687"},{"day":4,"utc":"17:56:00","flight":"AF440"},{"day":4,"utc":"15:40:00","flight":"AF348"},{"day":4,"utc":"19:46:00","flight":"AF864"},{"day":4,"utc":"01:26:00","flight":"AF552"},{"day":5,"utc":"23:22:00","flight":"AF199"},{"day":5,"utc":"19:06:00","flight":"AF704"},{"day":5,"utc":"12:36:00","flight":"AF974"},{"day":5,"utc":"20:03:00","flight":"AF816"},{"day":6,"utc":"06:25:00","flight":"AF764"},{"day":6,"utc":"19:05:00","flight":"AF988"}],"distance":335.068272263461}