{"id":9443,"type":"route","airline":"AF","airlineid":"airline_137","sourceairport":"CMN","destinationairport":"TLS","stops":0,"equipment":"319 320","schedule":[{"day":0,"utc":"17:48:00","flight":"AF715"},{"day":0,"utc":"18:10:00","flight":"AF277"},{"day":0,"utc":"07:11:00","flight":"AF244"},{"day":0,"utc":"15:12:00","flight":"AF242"},{"day":1,"utc":"22:53:00","flight":"AF346"},{"day":1,"utc":"07:32:00","flight":"AF903"},{"day":1,"utc":"22:53:00","flight":"AF185"},{"day":1,"utc":"06:02:00","flight":"AF825"},{"day":2,"utc":"13:56:00","flight":"AF352"},{"day":2,"utc":"05:06:00","flight":"AF943"},{"day":2,"utc":"20:51:00","flight":"AF367"},{"day":2,"utc":"02:58:00","flight":"AF094"},{"day":2,"utc":"19:16:00","flight":"AF292"},{"day":3,"utc":"13:47:00","flight":"AF827"},{"day":3,"utc":"15:51:00","flight":"AF791"},{"day":4,"utc":"01:49:00","flight":"AF159"},{"day":4,"utc":"15:51:00","flight":"AF458"},{"day":4,"utc":"19:46:00","flight":"AF242"},{"day":4,"utc":"21:50:00","flight":"AF336"},{"day":4,"utc":"06:46:00","flight":"AF221"},{"day":5,"utc":"05:17:00","flight":"AF682"},{"day":6,"utc":"05:36:00","flight":"AF501"},{"day":6,"utc":"05:23:00","flight":"AF888"},{"day":6,"utc":"01:27:00","flight":"AF888"},{"day":6,"utc":"17:59:00","flight":"AF555"},{"day":6,"utc":"21:00:00","flight":"AF452"}],"distance":1379.8271930529227}