{"id":9812,"type":"route","airline":"AF","airlineid":"airline_137","sourceairport":"NKC","destinationairport":"CDG","stops":0,"equipment":"332","schedule":[{"day":0,"utc":"07:33:00","flight":"AF394"},{"day":0,"utc":"19:31:00","flight":"AF477"},{"day":0,"utc":"22:32:00","flight":"AF871"},{"day":1,"utc":"15:44:00","flight":"AF253"},{"day":1,"utc":"05:54:00","flight":"AF441"},{"day":2,"utc":"01:35:00","flight":"AF562"},{"day":2,"utc":"06:35:00","flight":"AF494"},{"day":3,"utc":"07:06:00","flight":"AF175"},{"day":3,"utc":"18:13:00","flight":"AF302"},{"day":4,"utc":"11:33:00","flight":"AF279"},{"day":4,"utc":"16:34:00","flight":"AF561"},{"day":4,"utc":"05:14:00","flight":"AF125"},{"day":4,"utc":"01:44:00","flight":"AF053"},{"day":4,"utc":"15:09:00","flight":"AF923"},{"day":5,"utc":"17:20:00","flight":"AF820"},{"day":5,"utc":"22:10:00","flight":"AF204"},{"day":5,"utc":"19:38:00","flight":"AF916"},{"day":5,"utc":"00:03:00","flight":"AF237"},{"day":5,"utc":"20:43:00","flight":"AF113"},{"day":6,"utc":"03:24:00","flight":"AF521"},{"day":6,"utc":"00:46:00","flight":"AF481"},{"day":6,"utc":"08:40:00","flight":"AF379"}],"distance":3818.249738607045}