{"id":9446,"type":"route","airline":"AF","airlineid":"airline_137","sourceairport":"CPH","destinationairport":"CDG","stops":0,"equipment":"318 319 320","schedule":[{"day":0,"utc":"08:33:00","flight":"AF197"},{"day":0,"utc":"06:25:00","flight":"AF058"},{"day":1,"utc":"11:24:00","flight":"AF490"},{"day":1,"utc":"19:25:00","flight":"AF425"},{"day":1,"utc":"19:00:00","flight":"AF694"},{"day":2,"utc":"01:22:00","flight":"AF471"},{"day":2,"utc":"14:37:00","flight":"AF003"},{"day":2,"utc":"02:46:00","flight":"AF037"},{"day":2,"utc":"01:18:00","flight":"AF242"},{"day":3,"utc":"16:32:00","flight":"AF376"},{"day":3,"utc":"09:31:00","flight":"AF899"},{"day":3,"utc":"14:38:00","flight":"AF948"},{"day":3,"utc":"15:44:00","flight":"AF741"},{"day":3,"utc":"02:37:00","flight":"AF093"},{"day":4,"utc":"18:47:00","flight":"AF020"},{"day":4,"utc":"05:57:00","flight":"AF308"},{"day":4,"utc":"01:56:00","flight":"AF690"},{"day":5,"utc":"04:14:00","flight":"AF076"},{"day":6,"utc":"15:38:00","flight":"AF994"},{"day":6,"utc":"14:45:00","flight":"AF744"},{"day":6,"utc":"05:33:00","flight":"AF546"},{"day":6,"utc":"12:30:00","flight":"AF824"},{"day":6,"utc":"04:19:00","flight":"AF324"}],"distance":1003.7020466659545}