{"id":9242,"type":"route","airline":"AF","airlineid":"airline_137","sourceairport":"BUD","destinationairport":"CDG","stops":0,"equipment":"318 321 320 319","schedule":[{"day":0,"utc":"22:04:00","flight":"AF547"},{"day":0,"utc":"11:57:00","flight":"AF059"},{"day":0,"utc":"21:21:00","flight":"AF846"},{"day":0,"utc":"04:35:00","flight":"AF273"},{"day":1,"utc":"10:14:00","flight":"AF078"},{"day":1,"utc":"07:41:00","flight":"AF547"},{"day":1,"utc":"10:30:00","flight":"AF965"},{"day":2,"utc":"12:50:00","flight":"AF855"},{"day":2,"utc":"12:19:00","flight":"AF686"},{"day":2,"utc":"18:47:00","flight":"AF201"},{"day":3,"utc":"15:06:00","flight":"AF492"},{"day":3,"utc":"19:58:00","flight":"AF305"},{"day":3,"utc":"08:09:00","flight":"AF089"},{"day":3,"utc":"17:44:00","flight":"AF691"},{"day":4,"utc":"17:50:00","flight":"AF060"},{"day":5,"utc":"21:10:00","flight":"AF336"},{"day":5,"utc":"13:14:00","flight":"AF579"},{"day":6,"utc":"20:18:00","flight":"AF069"},{"day":6,"utc":"17:06:00","flight":"AF890"},{"day":6,"utc":"05:59:00","flight":"AF325"},{"day":6,"utc":"18:25:00","flight":"AF945"}],"distance":1247.2729248794785}