{"id":9109,"type":"route","airline":"AF","airlineid":"airline_137","sourceairport":"ATL","destinationairport":"MEM","stops":0,"equipment":"M88","schedule":[{"day":0,"utc":"04:43:00","flight":"AF671"},{"day":0,"utc":"09:20:00","flight":"AF236"},{"day":0,"utc":"08:32:00","flight":"AF603"},{"day":0,"utc":"22:12:00","flight":"AF737"},{"day":0,"utc":"18:21:00","flight":"AF270"},{"day":1,"utc":"13:10:00","flight":"AF007"},{"day":1,"utc":"04:00:00","flight":"AF249"},{"day":1,"utc":"21:40:00","flight":"AF559"},{"day":1,"utc":"04:41:00","flight":"AF837"},{"day":1,"utc":"16:37:00","flight":"AF931"},{"day":2,"utc":"00:01:00","flight":"AF627"},{"day":3,"utc":"15:43:00","flight":"AF989"},{"day":3,"utc":"07:08:00","flight":"AF728"},{"day":3,"utc":"18:08:00","flight":"AF677"},{"day":4,"utc":"20:25:00","flight":"AF281"},{"day":4,"utc":"06:36:00","flight":"AF071"},{"day":4,"utc":"15:43:00","flight":"AF575"},{"day":4,"utc":"00:35:00","flight":"AF478"},{"day":4,"utc":"09:33:00","flight":"AF664"},{"day":5,"utc":"00:46:00","flight":"AF995"},{"day":6,"utc":"05:54:00","flight":"AF290"},{"day":6,"utc":"12:27:00","flight":"AF207"},{"day":6,"utc":"00:06:00","flight":"AF754"},{"day":6,"utc":"02:59:00","flight":"AF643"}],"distance":532.7924460921968}