{"id":9032,"type":"route","airline":"AF","airlineid":"airline_137","sourceairport":"ATL","destinationairport":"BRU","stops":0,"equipment":"76W","schedule":[{"day":0,"utc":"14:39:00","flight":"AF898"},{"day":0,"utc":"09:34:00","flight":"AF760"},{"day":1,"utc":"23:59:00","flight":"AF415"},{"day":1,"utc":"20:40:00","flight":"AF856"},{"day":1,"utc":"23:37:00","flight":"AF119"},{"day":2,"utc":"13:51:00","flight":"AF528"},{"day":2,"utc":"09:28:00","flight":"AF748"},{"day":2,"utc":"11:00:00","flight":"AF896"},{"day":2,"utc":"06:19:00","flight":"AF365"},{"day":2,"utc":"17:49:00","flight":"AF528"},{"day":3,"utc":"13:21:00","flight":"AF022"},{"day":3,"utc":"08:55:00","flight":"AF151"},{"day":3,"utc":"06:48:00","flight":"AF151"},{"day":3,"utc":"02:48:00","flight":"AF226"},{"day":4,"utc":"13:53:00","flight":"AF494"},{"day":4,"utc":"09:23:00","flight":"AF028"},{"day":4,"utc":"07:26:00","flight":"AF369"},{"day":4,"utc":"08:30:00","flight":"AF068"},{"day":4,"utc":"05:45:00","flight":"AF702"},{"day":5,"utc":"06:05:00","flight":"AF894"},{"day":5,"utc":"02:08:00","flight":"AF903"},{"day":5,"utc":"06:40:00","flight":"AF120"},{"day":5,"utc":"05:22:00","flight":"AF464"},{"day":5,"utc":"03:47:00","flight":"AF924"},{"day":6,"utc":"14:18:00","flight":"AF208"},{"day":6,"utc":"11:00:00","flight":"AF068"}],"distance":7106.021016191967}