{"id":9066,"type":"route","airline":"AF","airlineid":"airline_137","sourceairport":"ATL","destinationairport":"EVV","stops":0,"equipment":"CRJ","schedule":[{"day":0,"utc":"14:26:00","flight":"AF594"},{"day":1,"utc":"16:44:00","flight":"AF593"},{"day":1,"utc":"18:59:00","flight":"AF205"},{"day":2,"utc":"20:01:00","flight":"AF970"},{"day":2,"utc":"10:09:00","flight":"AF449"},{"day":2,"utc":"01:34:00","flight":"AF674"},{"day":2,"utc":"20:42:00","flight":"AF206"},{"day":3,"utc":"14:42:00","flight":"AF434"},{"day":3,"utc":"13:17:00","flight":"AF339"},{"day":4,"utc":"04:05:00","flight":"AF622"},{"day":4,"utc":"20:49:00","flight":"AF822"},{"day":5,"utc":"06:06:00","flight":"AF706"},{"day":6,"utc":"03:05:00","flight":"AF868"},{"day":6,"utc":"08:19:00","flight":"AF750"}],"distance":563.5649834086997}