{"id":9745,"type":"route","airline":"AF","airlineid":"airline_137","sourceairport":"MRS","destinationairport":"FSC","stops":0,"equipment":"AT7","schedule":[{"day":0,"utc":"17:03:00","flight":"AF853"},{"day":0,"utc":"09:32:00","flight":"AF744"},{"day":1,"utc":"09:12:00","flight":"AF797"},{"day":1,"utc":"01:57:00","flight":"AF880"},{"day":1,"utc":"01:26:00","flight":"AF403"},{"day":2,"utc":"01:28:00","flight":"AF753"},{"day":2,"utc":"10:54:00","flight":"AF782"},{"day":2,"utc":"01:11:00","flight":"AF548"},{"day":3,"utc":"18:47:00","flight":"AF801"},{"day":3,"utc":"11:58:00","flight":"AF537"},{"day":3,"utc":"12:54:00","flight":"AF155"},{"day":3,"utc":"09:47:00","flight":"AF885"},{"day":3,"utc":"14:22:00","flight":"AF982"},{"day":4,"utc":"14:28:00","flight":"AF975"},{"day":4,"utc":"15:51:00","flight":"AF181"},{"day":4,"utc":"15:18:00","flight":"AF959"},{"day":5,"utc":"20:05:00","flight":"AF239"},{"day":5,"utc":"22:04:00","flight":"AF147"},{"day":6,"utc":"15:44:00","flight":"AF115"},{"day":6,"utc":"14:26:00","flight":"AF452"},{"day":6,"utc":"09:22:00","flight":"AF486"},{"day":6,"utc":"14:45:00","flight":"AF785"},{"day":6,"utc":"23:26:00","flight":"AF409"}],"distance":384.37501917705936}