{"id":9865,"type":"route","airline":"AF","airlineid":"airline_137","sourceairport":"ORY","destinationairport":"TLS","stops":0,"equipment":"320 319 321","schedule":[{"day":0,"utc":"20:59:00","flight":"AF065"},{"day":0,"utc":"08:27:00","flight":"AF701"},{"day":0,"utc":"10:08:00","flight":"AF714"},{"day":1,"utc":"17:57:00","flight":"AF105"},{"day":1,"utc":"21:04:00","flight":"AF555"},{"day":1,"utc":"20:25:00","flight":"AF126"},{"day":1,"utc":"17:28:00","flight":"AF302"},{"day":1,"utc":"15:44:00","flight":"AF035"},{"day":2,"utc":"13:04:00","flight":"AF271"},{"day":2,"utc":"15:52:00","flight":"AF118"},{"day":2,"utc":"01:36:00","flight":"AF718"},{"day":2,"utc":"11:36:00","flight":"AF477"},{"day":2,"utc":"20:00:00","flight":"AF242"},{"day":3,"utc":"14:42:00","flight":"AF109"},{"day":4,"utc":"11:07:00","flight":"AF112"},{"day":4,"utc":"15:27:00","flight":"AF174"},{"day":4,"utc":"10:32:00","flight":"AF641"},{"day":4,"utc":"09:14:00","flight":"AF715"},{"day":4,"utc":"13:32:00","flight":"AF384"},{"day":5,"utc":"20:20:00","flight":"AF920"},{"day":5,"utc":"09:48:00","flight":"AF428"},{"day":5,"utc":"08:13:00","flight":"AF422"},{"day":5,"utc":"06:22:00","flight":"AF232"},{"day":6,"utc":"19:19:00","flight":"AF859"},{"day":6,"utc":"19:39:00","flight":"AF636"},{"day":6,"utc":"00:18:00","flight":"AF499"},{"day":6,"utc":"04:39:00","flight":"AF142"}],"distance":571.8189591117047}