{"id":9351,"type":"route","airline":"AF","airlineid":"airline_137","sourceairport":"CDG","destinationairport":"LJU","stops":0,"equipment":"E70","schedule":[{"day":0,"utc":"10:16:00","flight":"AF568"},{"day":1,"utc":"02:40:00","flight":"AF812"},{"day":1,"utc":"05:41:00","flight":"AF249"},{"day":1,"utc":"17:12:00","flight":"AF359"},{"day":2,"utc":"07:17:00","flight":"AF324"},{"day":2,"utc":"01:41:00","flight":"AF510"},{"day":3,"utc":"05:14:00","flight":"AF456"},{"day":3,"utc":"01:49:00","flight":"AF603"},{"day":3,"utc":"13:35:00","flight":"AF769"},{"day":4,"utc":"08:01:00","flight":"AF287"},{"day":4,"utc":"00:06:00","flight":"AF099"},{"day":4,"utc":"03:43:00","flight":"AF590"},{"day":5,"utc":"18:48:00","flight":"AF562"},{"day":5,"utc":"03:19:00","flight":"AF268"},{"day":6,"utc":"20:58:00","flight":"AF874"},{"day":6,"utc":"04:33:00","flight":"AF399"},{"day":6,"utc":"01:29:00","flight":"AF467"},{"day":6,"utc":"07:35:00","flight":"AF475"},{"day":6,"utc":"01:43:00","flight":"AF577"}],"distance":943.6450702914437}