{"id":9564,"type":"route","airline":"AF","airlineid":"airline_137","sourceairport":"HAM","destinationairport":"CDG","stops":0,"equipment":"321 318 320 32A","schedule":[{"day":0,"utc":"01:37:00","flight":"AF571"},{"day":0,"utc":"09:41:00","flight":"AF488"},{"day":0,"utc":"17:49:00","flight":"AF800"},{"day":0,"utc":"11:13:00","flight":"AF313"},{"day":1,"utc":"08:31:00","flight":"AF304"},{"day":1,"utc":"03:27:00","flight":"AF327"},{"day":1,"utc":"07:49:00","flight":"AF369"},{"day":1,"utc":"21:07:00","flight":"AF508"},{"day":1,"utc":"15:10:00","flight":"AF957"},{"day":2,"utc":"15:03:00","flight":"AF191"},{"day":2,"utc":"18:55:00","flight":"AF230"},{"day":2,"utc":"23:02:00","flight":"AF987"},{"day":2,"utc":"19:26:00","flight":"AF438"},{"day":2,"utc":"04:27:00","flight":"AF873"},{"day":3,"utc":"03:54:00","flight":"AF547"},{"day":3,"utc":"18:34:00","flight":"AF860"},{"day":3,"utc":"04:56:00","flight":"AF546"},{"day":3,"utc":"02:20:00","flight":"AF800"},{"day":3,"utc":"20:38:00","flight":"AF407"},{"day":4,"utc":"17:58:00","flight":"AF804"},{"day":4,"utc":"13:17:00","flight":"AF671"},{"day":4,"utc":"21:54:00","flight":"AF687"},{"day":4,"utc":"16:31:00","flight":"AF701"},{"day":4,"utc":"12:42:00","flight":"AF176"},{"day":5,"utc":"13:15:00","flight":"AF372"},{"day":5,"utc":"17:34:00","flight":"AF104"},{"day":5,"utc":"11:36:00","flight":"AF436"},{"day":6,"utc":"18:48:00","flight":"AF336"},{"day":6,"utc":"21:42:00","flight":"AF930"}],"distance":727.8471615548536}