{"id":9190,"type":"route","airline":"AF","airlineid":"airline_137","sourceairport":"BES","destinationairport":"MRS","stops":0,"equipment":"319","schedule":[{"day":0,"utc":"15:00:00","flight":"AF180"},{"day":0,"utc":"09:14:00","flight":"AF811"},{"day":0,"utc":"18:24:00","flight":"AF017"},{"day":0,"utc":"14:52:00","flight":"AF469"},{"day":0,"utc":"19:22:00","flight":"AF350"},{"day":1,"utc":"01:06:00","flight":"AF659"},{"day":1,"utc":"15:23:00","flight":"AF546"},{"day":1,"utc":"20:55:00","flight":"AF901"},{"day":1,"utc":"04:35:00","flight":"AF243"},{"day":2,"utc":"20:55:00","flight":"AF612"},{"day":3,"utc":"10:29:00","flight":"AF968"},{"day":4,"utc":"02:28:00","flight":"AF343"},{"day":4,"utc":"16:45:00","flight":"AF177"},{"day":5,"utc":"00:34:00","flight":"AF123"},{"day":6,"utc":"08:21:00","flight":"AF933"},{"day":6,"utc":"07:54:00","flight":"AF413"},{"day":6,"utc":"04:15:00","flight":"AF781"}],"distance":929.0818921642857}