{"id":9398,"type":"route","airline":"AF","airlineid":"airline_137","sourceairport":"CDG","destinationairport":"SIN","stops":0,"equipment":"77W","schedule":[{"day":0,"utc":"01:50:00","flight":"AF887"},{"day":0,"utc":"04:21:00","flight":"AF101"},{"day":0,"utc":"20:19:00","flight":"AF403"},{"day":0,"utc":"15:13:00","flight":"AF442"},{"day":0,"utc":"21:40:00","flight":"AF225"},{"day":1,"utc":"22:51:00","flight":"AF895"},{"day":1,"utc":"12:33:00","flight":"AF776"},{"day":1,"utc":"15:23:00","flight":"AF448"},{"day":1,"utc":"12:24:00","flight":"AF404"},{"day":1,"utc":"21:34:00","flight":"AF970"},{"day":2,"utc":"08:08:00","flight":"AF810"},{"day":2,"utc":"13:10:00","flight":"AF642"},{"day":2,"utc":"18:42:00","flight":"AF156"},{"day":2,"utc":"01:46:00","flight":"AF693"},{"day":2,"utc":"13:47:00","flight":"AF981"},{"day":3,"utc":"22:34:00","flight":"AF635"},{"day":3,"utc":"09:37:00","flight":"AF602"},{"day":4,"utc":"20:40:00","flight":"AF748"},{"day":4,"utc":"09:35:00","flight":"AF537"},{"day":5,"utc":"16:15:00","flight":"AF231"},{"day":5,"utc":"02:59:00","flight":"AF174"},{"day":5,"utc":"00:59:00","flight":"AF626"},{"day":6,"utc":"08:44:00","flight":"AF901"},{"day":6,"utc":"00:21:00","flight":"AF354"},{"day":6,"utc":"01:27:00","flight":"AF412"}],"distance":10724.630225576031}