{"id":9929,"type":"route","airline":"AF","airlineid":"airline_137","sourceairport":"SBN","destinationairport":"ATL","stops":0,"equipment":"CRJ","schedule":[{"day":0,"utc":"04:16:00","flight":"AF403"},{"day":0,"utc":"11:56:00","flight":"AF174"},{"day":0,"utc":"08:28:00","flight":"AF945"},{"day":0,"utc":"09:08:00","flight":"AF124"},{"day":0,"utc":"23:08:00","flight":"AF825"},{"day":1,"utc":"01:02:00","flight":"AF435"},{"day":2,"utc":"10:21:00","flight":"AF033"},{"day":2,"utc":"14:17:00","flight":"AF843"},{"day":3,"utc":"16:51:00","flight":"AF789"},{"day":3,"utc":"01:49:00","flight":"AF505"},{"day":4,"utc":"15:21:00","flight":"AF333"},{"day":4,"utc":"22:46:00","flight":"AF565"},{"day":4,"utc":"21:15:00","flight":"AF156"},{"day":4,"utc":"00:15:00","flight":"AF068"},{"day":5,"utc":"09:34:00","flight":"AF388"},{"day":5,"utc":"16:21:00","flight":"AF636"},{"day":5,"utc":"22:33:00","flight":"AF108"},{"day":5,"utc":"06:13:00","flight":"AF892"},{"day":6,"utc":"05:53:00","flight":"AF770"},{"day":6,"utc":"19:24:00","flight":"AF896"},{"day":6,"utc":"08:37:00","flight":"AF290"}],"distance":912.7594473885771}