{"id":9454,"type":"route","airline":"AF","airlineid":"airline_137","sourceairport":"CWL","destinationairport":"GLA","stops":0,"equipment":"F50","schedule":[{"day":0,"utc":"12:30:00","flight":"AF051"},{"day":0,"utc":"21:22:00","flight":"AF454"},{"day":1,"utc":"19:52:00","flight":"AF236"},{"day":1,"utc":"06:03:00","flight":"AF927"},{"day":1,"utc":"13:10:00","flight":"AF149"},{"day":2,"utc":"06:29:00","flight":"AF388"},{"day":3,"utc":"16:13:00","flight":"AF973"},{"day":3,"utc":"11:05:00","flight":"AF498"},{"day":3,"utc":"09:01:00","flight":"AF775"},{"day":3,"utc":"17:58:00","flight":"AF014"},{"day":3,"utc":"16:45:00","flight":"AF698"},{"day":4,"utc":"16:43:00","flight":"AF991"},{"day":4,"utc":"16:30:00","flight":"AF608"},{"day":5,"utc":"04:01:00","flight":"AF823"},{"day":5,"utc":"09:21:00","flight":"AF992"},{"day":5,"utc":"19:04:00","flight":"AF369"},{"day":5,"utc":"21:52:00","flight":"AF576"},{"day":5,"utc":"16:38:00","flight":"AF229"},{"day":6,"utc":"17:54:00","flight":"AF883"}],"distance":502.7708052045307}