{"id":9253,"type":"route","airline":"AF","airlineid":"airline_137","sourceairport":"CAN","destinationairport":"SHE","stops":0,"equipment":"320","schedule":[{"day":0,"utc":"09:01:00","flight":"AF834"},{"day":0,"utc":"03:31:00","flight":"AF856"},{"day":1,"utc":"23:04:00","flight":"AF287"},{"day":1,"utc":"16:41:00","flight":"AF511"},{"day":2,"utc":"14:21:00","flight":"AF206"},{"day":2,"utc":"17:13:00","flight":"AF113"},{"day":2,"utc":"19:23:00","flight":"AF764"},{"day":2,"utc":"01:44:00","flight":"AF246"},{"day":3,"utc":"14:52:00","flight":"AF715"},{"day":3,"utc":"18:14:00","flight":"AF053"},{"day":3,"utc":"01:20:00","flight":"AF770"},{"day":4,"utc":"18:05:00","flight":"AF611"},{"day":4,"utc":"16:04:00","flight":"AF337"},{"day":4,"utc":"08:58:00","flight":"AF570"},{"day":4,"utc":"08:47:00","flight":"AF843"},{"day":5,"utc":"23:02:00","flight":"AF717"},{"day":5,"utc":"20:06:00","flight":"AF443"},{"day":5,"utc":"18:17:00","flight":"AF737"},{"day":5,"utc":"04:31:00","flight":"AF722"},{"day":5,"utc":"14:57:00","flight":"AF697"},{"day":6,"utc":"03:36:00","flight":"AF960"}],"distance":2205.682127669382}