{"id":9094,"type":"route","airline":"AF","airlineid":"airline_137","sourceairport":"ATL","destinationairport":"JAX","stops":0,"equipment":"757","schedule":[{"day":0,"utc":"03:35:00","flight":"AF423"},{"day":0,"utc":"01:40:00","flight":"AF450"},{"day":0,"utc":"19:53:00","flight":"AF868"},{"day":0,"utc":"12:42:00","flight":"AF126"},{"day":0,"utc":"06:44:00","flight":"AF336"},{"day":1,"utc":"17:18:00","flight":"AF945"},{"day":1,"utc":"18:57:00","flight":"AF957"},{"day":2,"utc":"06:02:00","flight":"AF283"},{"day":2,"utc":"11:41:00","flight":"AF910"},{"day":3,"utc":"19:15:00","flight":"AF762"},{"day":3,"utc":"17:05:00","flight":"AF562"},{"day":3,"utc":"01:48:00","flight":"AF097"},{"day":3,"utc":"16:06:00","flight":"AF303"},{"day":4,"utc":"16:37:00","flight":"AF278"},{"day":4,"utc":"17:07:00","flight":"AF718"},{"day":4,"utc":"17:02:00","flight":"AF829"},{"day":5,"utc":"12:27:00","flight":"AF623"},{"day":6,"utc":"22:16:00","flight":"AF026"},{"day":6,"utc":"17:29:00","flight":"AF524"}],"distance":434.4515437090217}