{"id":9056,"type":"route","airline":"AF","airlineid":"airline_137","sourceairport":"ATL","destinationairport":"DCA","stops":0,"equipment":"M88 M90 320","schedule":[{"day":0,"utc":"00:35:00","flight":"AF692"},{"day":0,"utc":"08:39:00","flight":"AF684"},{"day":0,"utc":"03:32:00","flight":"AF015"},{"day":0,"utc":"15:41:00","flight":"AF313"},{"day":0,"utc":"06:48:00","flight":"AF167"},{"day":1,"utc":"11:20:00","flight":"AF455"},{"day":1,"utc":"08:41:00","flight":"AF878"},{"day":1,"utc":"17:23:00","flight":"AF655"},{"day":2,"utc":"22:10:00","flight":"AF644"},{"day":3,"utc":"22:14:00","flight":"AF807"},{"day":3,"utc":"14:00:00","flight":"AF787"},{"day":3,"utc":"02:05:00","flight":"AF515"},{"day":3,"utc":"13:13:00","flight":"AF867"},{"day":4,"utc":"18:58:00","flight":"AF755"},{"day":4,"utc":"23:16:00","flight":"AF305"},{"day":4,"utc":"00:27:00","flight":"AF731"},{"day":4,"utc":"15:55:00","flight":"AF135"},{"day":4,"utc":"06:14:00","flight":"AF036"},{"day":5,"utc":"06:07:00","flight":"AF556"},{"day":5,"utc":"08:26:00","flight":"AF913"},{"day":6,"utc":"23:09:00","flight":"AF044"},{"day":6,"utc":"21:39:00","flight":"AF785"},{"day":6,"utc":"04:32:00","flight":"AF973"},{"day":6,"utc":"20:42:00","flight":"AF204"},{"day":6,"utc":"20:01:00","flight":"AF460"}],"distance":880.0867216446143}