{"id":9744,"type":"route","airline":"AF","airlineid":"airline_137","sourceairport":"MRS","destinationairport":"FCO","stops":0,"equipment":"319","schedule":[{"day":0,"utc":"21:56:00","flight":"AF339"},{"day":1,"utc":"02:54:00","flight":"AF969"},{"day":1,"utc":"02:19:00","flight":"AF918"},{"day":1,"utc":"01:36:00","flight":"AF315"},{"day":1,"utc":"23:48:00","flight":"AF119"},{"day":1,"utc":"08:10:00","flight":"AF654"},{"day":2,"utc":"02:10:00","flight":"AF104"},{"day":2,"utc":"05:37:00","flight":"AF302"},{"day":2,"utc":"10:39:00","flight":"AF162"},{"day":2,"utc":"02:57:00","flight":"AF017"},{"day":3,"utc":"03:55:00","flight":"AF753"},{"day":4,"utc":"13:07:00","flight":"AF245"},{"day":4,"utc":"20:03:00","flight":"AF692"},{"day":4,"utc":"12:19:00","flight":"AF790"},{"day":4,"utc":"15:20:00","flight":"AF495"},{"day":4,"utc":"23:34:00","flight":"AF806"},{"day":5,"utc":"05:35:00","flight":"AF375"},{"day":5,"utc":"14:57:00","flight":"AF545"},{"day":5,"utc":"05:34:00","flight":"AF556"},{"day":5,"utc":"01:34:00","flight":"AF433"},{"day":5,"utc":"08:09:00","flight":"AF724"},{"day":6,"utc":"07:13:00","flight":"AF227"},{"day":6,"utc":"17:52:00","flight":"AF029"},{"day":6,"utc":"02:53:00","flight":"AF163"},{"day":6,"utc":"00:32:00","flight":"AF193"}],"distance":603.4745037994273}