{"id":9740,"type":"route","airline":"AF","airlineid":"airline_137","sourceairport":"MRS","destinationairport":"BIQ","stops":0,"equipment":"320 319","schedule":[{"day":0,"utc":"20:38:00","flight":"AF678"},{"day":0,"utc":"12:18:00","flight":"AF870"},{"day":1,"utc":"20:30:00","flight":"AF514"},{"day":2,"utc":"20:16:00","flight":"AF331"},{"day":3,"utc":"04:25:00","flight":"AF899"},{"day":4,"utc":"05:31:00","flight":"AF096"},{"day":5,"utc":"05:34:00","flight":"AF850"},{"day":5,"utc":"10:03:00","flight":"AF013"},{"day":5,"utc":"09:20:00","flight":"AF184"},{"day":6,"utc":"04:47:00","flight":"AF696"}],"distance":543.6833486189087}