{"id":9590,"type":"route","airline":"AF","airlineid":"airline_137","sourceairport":"JAX","destinationairport":"ATL","stops":0,"equipment":"757","schedule":[{"day":0,"utc":"10:18:00","flight":"AF380"},{"day":0,"utc":"23:25:00","flight":"AF301"},{"day":1,"utc":"23:34:00","flight":"AF480"},{"day":2,"utc":"00:32:00","flight":"AF091"},{"day":2,"utc":"06:40:00","flight":"AF305"},{"day":2,"utc":"11:40:00","flight":"AF954"},{"day":2,"utc":"06:05:00","flight":"AF309"},{"day":3,"utc":"02:07:00","flight":"AF035"},{"day":3,"utc":"20:21:00","flight":"AF552"},{"day":3,"utc":"17:51:00","flight":"AF060"},{"day":3,"utc":"19:50:00","flight":"AF903"},{"day":3,"utc":"20:15:00","flight":"AF793"},{"day":4,"utc":"04:58:00","flight":"AF538"},{"day":4,"utc":"22:42:00","flight":"AF059"},{"day":5,"utc":"19:31:00","flight":"AF073"},{"day":5,"utc":"09:05:00","flight":"AF777"},{"day":5,"utc":"03:47:00","flight":"AF755"},{"day":5,"utc":"11:20:00","flight":"AF955"},{"day":6,"utc":"12:13:00","flight":"AF595"},{"day":6,"utc":"04:34:00","flight":"AF614"}],"distance":434.4515437090217}