{"id":9318,"type":"route","airline":"AF","airlineid":"airline_137","sourceairport":"CDG","destinationairport":"GOA","stops":0,"equipment":"E70 E90","schedule":[{"day":0,"utc":"11:24:00","flight":"AF953"},{"day":0,"utc":"09:10:00","flight":"AF899"},{"day":0,"utc":"04:13:00","flight":"AF625"},{"day":0,"utc":"23:38:00","flight":"AF264"},{"day":1,"utc":"23:13:00","flight":"AF354"},{"day":2,"utc":"14:19:00","flight":"AF574"},{"day":2,"utc":"22:25:00","flight":"AF954"},{"day":2,"utc":"02:57:00","flight":"AF229"},{"day":2,"utc":"12:24:00","flight":"AF826"},{"day":3,"utc":"18:08:00","flight":"AF082"},{"day":3,"utc":"11:11:00","flight":"AF562"},{"day":4,"utc":"08:39:00","flight":"AF542"},{"day":4,"utc":"22:10:00","flight":"AF793"},{"day":4,"utc":"03:22:00","flight":"AF032"},{"day":4,"utc":"22:57:00","flight":"AF598"},{"day":4,"utc":"10:47:00","flight":"AF639"},{"day":5,"utc":"13:04:00","flight":"AF350"},{"day":5,"utc":"17:59:00","flight":"AF054"},{"day":5,"utc":"22:10:00","flight":"AF056"},{"day":5,"utc":"11:58:00","flight":"AF356"},{"day":5,"utc":"21:23:00","flight":"AF429"},{"day":6,"utc":"06:26:00","flight":"AF261"},{"day":6,"utc":"13:30:00","flight":"AF342"}],"distance":700.4957677121549}