{"id":9146,"type":"route","airline":"AF","airlineid":"airline_137","sourceairport":"ATL","destinationairport":"RSW","stops":0,"equipment":"M90 M88 757","schedule":[{"day":0,"utc":"06:44:00","flight":"AF041"},{"day":1,"utc":"21:27:00","flight":"AF515"},{"day":1,"utc":"06:11:00","flight":"AF906"},{"day":1,"utc":"06:00:00","flight":"AF540"},{"day":1,"utc":"21:06:00","flight":"AF120"},{"day":1,"utc":"11:15:00","flight":"AF345"},{"day":2,"utc":"03:27:00","flight":"AF938"},{"day":2,"utc":"15:50:00","flight":"AF771"},{"day":2,"utc":"10:20:00","flight":"AF811"},{"day":3,"utc":"08:59:00","flight":"AF341"},{"day":3,"utc":"23:57:00","flight":"AF137"},{"day":3,"utc":"03:15:00","flight":"AF938"},{"day":4,"utc":"14:48:00","flight":"AF845"},{"day":4,"utc":"05:32:00","flight":"AF092"},{"day":4,"utc":"05:27:00","flight":"AF462"},{"day":4,"utc":"16:33:00","flight":"AF035"},{"day":5,"utc":"00:11:00","flight":"AF239"},{"day":6,"utc":"06:21:00","flight":"AF660"},{"day":6,"utc":"22:16:00","flight":"AF327"}],"distance":830.2680071274632}