{"id":9452,"type":"route","airline":"AF","airlineid":"airline_137","sourceairport":"CWB","destinationairport":"BSB","stops":0,"equipment":"73G","schedule":[{"day":0,"utc":"10:07:00","flight":"AF523"},{"day":0,"utc":"16:41:00","flight":"AF752"},{"day":0,"utc":"20:43:00","flight":"AF181"},{"day":0,"utc":"08:14:00","flight":"AF927"},{"day":1,"utc":"12:07:00","flight":"AF333"},{"day":1,"utc":"16:00:00","flight":"AF973"},{"day":1,"utc":"07:38:00","flight":"AF281"},{"day":2,"utc":"20:18:00","flight":"AF087"},{"day":2,"utc":"10:05:00","flight":"AF378"},{"day":2,"utc":"06:19:00","flight":"AF176"},{"day":2,"utc":"16:13:00","flight":"AF183"},{"day":3,"utc":"22:06:00","flight":"AF970"},{"day":4,"utc":"02:44:00","flight":"AF470"},{"day":5,"utc":"01:15:00","flight":"AF076"},{"day":6,"utc":"02:03:00","flight":"AF233"},{"day":6,"utc":"21:26:00","flight":"AF955"},{"day":6,"utc":"05:01:00","flight":"AF949"}],"distance":1081.7567327910795}