{"id":9521,"type":"route","airline":"AF","airlineid":"airline_137","sourceairport":"FCO","destinationairport":"TLS","stops":0,"equipment":"319 320","schedule":[{"day":0,"utc":"02:32:00","flight":"AF602"},{"day":1,"utc":"16:00:00","flight":"AF493"},{"day":1,"utc":"14:16:00","flight":"AF039"},{"day":1,"utc":"18:05:00","flight":"AF935"},{"day":1,"utc":"22:46:00","flight":"AF454"},{"day":2,"utc":"15:44:00","flight":"AF883"},{"day":2,"utc":"22:57:00","flight":"AF831"},{"day":2,"utc":"11:13:00","flight":"AF952"},{"day":2,"utc":"15:22:00","flight":"AF593"},{"day":3,"utc":"16:45:00","flight":"AF357"},{"day":3,"utc":"15:05:00","flight":"AF101"},{"day":3,"utc":"00:49:00","flight":"AF553"},{"day":3,"utc":"09:14:00","flight":"AF611"},{"day":3,"utc":"10:51:00","flight":"AF354"},{"day":4,"utc":"18:38:00","flight":"AF258"},{"day":4,"utc":"15:04:00","flight":"AF496"},{"day":5,"utc":"07:36:00","flight":"AF118"},{"day":5,"utc":"06:14:00","flight":"AF756"},{"day":5,"utc":"09:39:00","flight":"AF603"},{"day":6,"utc":"16:18:00","flight":"AF394"},{"day":6,"utc":"05:59:00","flight":"AF846"},{"day":6,"utc":"01:39:00","flight":"AF075"},{"day":6,"utc":"22:35:00","flight":"AF510"}],"distance":911.5448658786228}