{"id":9432,"type":"route","airline":"AF","airlineid":"airline_137","sourceairport":"CKG","destinationairport":"LXA","stops":0,"equipment":"319","schedule":[{"day":0,"utc":"22:36:00","flight":"AF108"},{"day":1,"utc":"22:27:00","flight":"AF851"},{"day":1,"utc":"02:34:00","flight":"AF523"},{"day":1,"utc":"04:33:00","flight":"AF704"},{"day":1,"utc":"12:30:00","flight":"AF651"},{"day":1,"utc":"21:24:00","flight":"AF871"},{"day":2,"utc":"00:50:00","flight":"AF739"},{"day":2,"utc":"00:36:00","flight":"AF030"},{"day":2,"utc":"05:20:00","flight":"AF756"},{"day":3,"utc":"01:22:00","flight":"AF686"},{"day":3,"utc":"02:08:00","flight":"AF084"},{"day":3,"utc":"21:11:00","flight":"AF497"},{"day":3,"utc":"23:07:00","flight":"AF359"},{"day":4,"utc":"22:48:00","flight":"AF128"},{"day":4,"utc":"12:24:00","flight":"AF914"},{"day":4,"utc":"11:11:00","flight":"AF445"},{"day":4,"utc":"01:59:00","flight":"AF181"},{"day":5,"utc":"03:39:00","flight":"AF378"},{"day":5,"utc":"05:27:00","flight":"AF744"},{"day":5,"utc":"02:40:00","flight":"AF840"},{"day":6,"utc":"22:43:00","flight":"AF689"}],"distance":1521.731208338425}