{"id":9753,"type":"route","airline":"AF","airlineid":"airline_137","sourceairport":"MRS","destinationairport":"RNS","stops":0,"equipment":"319","schedule":[{"day":0,"utc":"00:18:00","flight":"AF150"},{"day":1,"utc":"08:57:00","flight":"AF665"},{"day":1,"utc":"06:00:00","flight":"AF818"},{"day":2,"utc":"04:37:00","flight":"AF862"},{"day":2,"utc":"05:28:00","flight":"AF799"},{"day":3,"utc":"01:35:00","flight":"AF954"},{"day":3,"utc":"01:08:00","flight":"AF803"},{"day":4,"utc":"04:13:00","flight":"AF419"},{"day":4,"utc":"10:51:00","flight":"AF846"},{"day":4,"utc":"05:14:00","flight":"AF390"},{"day":4,"utc":"04:50:00","flight":"AF691"},{"day":5,"utc":"08:33:00","flight":"AF504"},{"day":5,"utc":"22:01:00","flight":"AF389"},{"day":5,"utc":"12:53:00","flight":"AF229"},{"day":5,"utc":"10:07:00","flight":"AF276"},{"day":5,"utc":"06:53:00","flight":"AF773"},{"day":6,"utc":"05:43:00","flight":"AF816"},{"day":6,"utc":"10:00:00","flight":"AF861"},{"day":6,"utc":"05:32:00","flight":"AF620"}],"distance":745.1844501997591}