{"id":9909,"type":"route","airline":"AF","airlineid":"airline_137","sourceairport":"RDU","destinationairport":"ATL","stops":0,"equipment":"752 M88 M90 739","schedule":[{"day":0,"utc":"13:41:00","flight":"AF590"},{"day":0,"utc":"19:40:00","flight":"AF248"},{"day":0,"utc":"09:17:00","flight":"AF164"},{"day":0,"utc":"00:17:00","flight":"AF706"},{"day":0,"utc":"09:50:00","flight":"AF122"},{"day":1,"utc":"05:51:00","flight":"AF932"},{"day":1,"utc":"12:52:00","flight":"AF118"},{"day":1,"utc":"02:49:00","flight":"AF382"},{"day":1,"utc":"20:52:00","flight":"AF063"},{"day":2,"utc":"19:40:00","flight":"AF664"},{"day":2,"utc":"16:33:00","flight":"AF450"},{"day":2,"utc":"05:55:00","flight":"AF322"},{"day":3,"utc":"22:22:00","flight":"AF164"},{"day":3,"utc":"08:00:00","flight":"AF624"},{"day":4,"utc":"21:35:00","flight":"AF155"},{"day":4,"utc":"22:38:00","flight":"AF892"},{"day":4,"utc":"07:42:00","flight":"AF296"},{"day":5,"utc":"20:33:00","flight":"AF200"},{"day":5,"utc":"03:04:00","flight":"AF712"},{"day":5,"utc":"05:23:00","flight":"AF811"},{"day":6,"utc":"16:11:00","flight":"AF622"},{"day":6,"utc":"23:24:00","flight":"AF456"},{"day":6,"utc":"23:49:00","flight":"AF587"},{"day":6,"utc":"14:01:00","flight":"AF470"}],"distance":572.2485045552424}