{"id":9239,"type":"route","airline":"AF","airlineid":"airline_137","sourceairport":"BSL","destinationairport":"AMS","stops":0,"equipment":"F70 E90","schedule":[{"day":0,"utc":"19:11:00","flight":"AF616"},{"day":1,"utc":"06:41:00","flight":"AF887"},{"day":1,"utc":"01:00:00","flight":"AF257"},{"day":1,"utc":"07:27:00","flight":"AF491"},{"day":2,"utc":"22:39:00","flight":"AF063"},{"day":2,"utc":"15:19:00","flight":"AF669"},{"day":2,"utc":"16:36:00","flight":"AF966"},{"day":2,"utc":"10:23:00","flight":"AF448"},{"day":3,"utc":"10:53:00","flight":"AF568"},{"day":3,"utc":"02:17:00","flight":"AF072"},{"day":4,"utc":"01:49:00","flight":"AF040"},{"day":5,"utc":"19:47:00","flight":"AF987"},{"day":6,"utc":"07:42:00","flight":"AF814"}],"distance":560.6438880258129}