{"id":9235,"type":"route","airline":"AF","airlineid":"airline_137","sourceairport":"BRU","destinationairport":"JFK","stops":0,"equipment":"76W","schedule":[{"day":0,"utc":"04:10:00","flight":"AF567"},{"day":0,"utc":"17:22:00","flight":"AF584"},{"day":0,"utc":"05:36:00","flight":"AF839"},{"day":0,"utc":"14:02:00","flight":"AF718"},{"day":1,"utc":"08:00:00","flight":"AF622"},{"day":1,"utc":"11:46:00","flight":"AF629"},{"day":1,"utc":"22:46:00","flight":"AF471"},{"day":1,"utc":"02:52:00","flight":"AF460"},{"day":2,"utc":"11:43:00","flight":"AF366"},{"day":2,"utc":"00:31:00","flight":"AF461"},{"day":2,"utc":"21:25:00","flight":"AF659"},{"day":2,"utc":"09:32:00","flight":"AF735"},{"day":3,"utc":"20:15:00","flight":"AF960"},{"day":3,"utc":"09:57:00","flight":"AF273"},{"day":3,"utc":"03:10:00","flight":"AF881"},{"day":3,"utc":"10:34:00","flight":"AF849"},{"day":4,"utc":"21:00:00","flight":"AF044"},{"day":4,"utc":"21:43:00","flight":"AF232"},{"day":4,"utc":"23:51:00","flight":"AF168"},{"day":4,"utc":"03:50:00","flight":"AF287"},{"day":4,"utc":"17:16:00","flight":"AF814"},{"day":5,"utc":"17:54:00","flight":"AF048"},{"day":5,"utc":"13:47:00","flight":"AF343"},{"day":5,"utc":"18:59:00","flight":"AF856"},{"day":5,"utc":"17:47:00","flight":"AF348"},{"day":6,"utc":"16:58:00","flight":"AF698"},{"day":6,"utc":"23:18:00","flight":"AF835"},{"day":6,"utc":"19:24:00","flight":"AF893"},{"day":6,"utc":"09:18:00","flight":"AF836"},{"day":6,"utc":"18:11:00","flight":"AF657"}],"distance":5885.517358926636}