{"id":9293,"type":"route","airline":"AF","airlineid":"airline_137","sourceairport":"CDG","destinationairport":"CCS","stops":0,"equipment":"332","schedule":[{"day":0,"utc":"00:48:00","flight":"AF464"},{"day":0,"utc":"13:23:00","flight":"AF318"},{"day":0,"utc":"09:58:00","flight":"AF799"},{"day":0,"utc":"08:42:00","flight":"AF287"},{"day":1,"utc":"04:13:00","flight":"AF599"},{"day":1,"utc":"12:43:00","flight":"AF894"},{"day":1,"utc":"10:25:00","flight":"AF367"},{"day":1,"utc":"20:12:00","flight":"AF147"},{"day":2,"utc":"16:54:00","flight":"AF377"},{"day":2,"utc":"21:54:00","flight":"AF029"},{"day":2,"utc":"07:26:00","flight":"AF989"},{"day":3,"utc":"05:15:00","flight":"AF467"},{"day":3,"utc":"01:42:00","flight":"AF817"},{"day":3,"utc":"12:04:00","flight":"AF469"},{"day":4,"utc":"14:25:00","flight":"AF147"},{"day":4,"utc":"19:54:00","flight":"AF740"},{"day":4,"utc":"03:38:00","flight":"AF542"},{"day":5,"utc":"21:15:00","flight":"AF622"},{"day":5,"utc":"15:55:00","flight":"AF232"},{"day":6,"utc":"18:53:00","flight":"AF317"},{"day":6,"utc":"20:12:00","flight":"AF882"}],"distance":7632.2939010740165}