{"id":9806,"type":"route","airline":"AF","airlineid":"airline_137","sourceairport":"NCE","destinationairport":"TLV","stops":0,"equipment":"320","schedule":[{"day":0,"utc":"11:51:00","flight":"AF682"},{"day":0,"utc":"17:00:00","flight":"AF024"},{"day":1,"utc":"05:55:00","flight":"AF798"},{"day":1,"utc":"22:29:00","flight":"AF347"},{"day":2,"utc":"16:49:00","flight":"AF672"},{"day":2,"utc":"16:09:00","flight":"AF316"},{"day":2,"utc":"08:02:00","flight":"AF629"},{"day":3,"utc":"18:54:00","flight":"AF447"},{"day":4,"utc":"06:15:00","flight":"AF279"},{"day":4,"utc":"03:18:00","flight":"AF376"},{"day":4,"utc":"20:40:00","flight":"AF832"},{"day":4,"utc":"11:47:00","flight":"AF185"},{"day":4,"utc":"13:16:00","flight":"AF280"},{"day":5,"utc":"14:14:00","flight":"AF956"},{"day":6,"utc":"09:32:00","flight":"AF350"},{"day":6,"utc":"17:50:00","flight":"AF356"}],"distance":2735.2013399811754}