{"id":9085,"type":"route","airline":"AF","airlineid":"airline_137","sourceairport":"ATL","destinationairport":"GTR","stops":0,"equipment":"CRJ","schedule":[{"day":0,"utc":"00:02:00","flight":"AF467"},{"day":0,"utc":"23:45:00","flight":"AF770"},{"day":1,"utc":"04:21:00","flight":"AF955"},{"day":1,"utc":"15:00:00","flight":"AF518"},{"day":1,"utc":"20:54:00","flight":"AF306"},{"day":1,"utc":"05:38:00","flight":"AF108"},{"day":2,"utc":"07:56:00","flight":"AF645"},{"day":2,"utc":"01:47:00","flight":"AF227"},{"day":2,"utc":"06:50:00","flight":"AF186"},{"day":2,"utc":"17:52:00","flight":"AF565"},{"day":3,"utc":"19:45:00","flight":"AF661"},{"day":4,"utc":"05:20:00","flight":"AF434"},{"day":4,"utc":"13:59:00","flight":"AF849"},{"day":4,"utc":"10:50:00","flight":"AF436"},{"day":4,"utc":"23:43:00","flight":"AF027"},{"day":5,"utc":"02:22:00","flight":"AF874"},{"day":6,"utc":"17:36:00","flight":"AF204"},{"day":6,"utc":"14:39:00","flight":"AF903"},{"day":6,"utc":"18:45:00","flight":"AF168"}],"distance":386.37245890112297}