{"id":9781,"type":"route","airline":"AF","airlineid":"airline_137","sourceairport":"MYR","destinationairport":"ATL","stops":0,"equipment":"717 CR9 319","schedule":[{"day":0,"utc":"13:01:00","flight":"AF439"},{"day":0,"utc":"14:41:00","flight":"AF120"},{"day":0,"utc":"13:45:00","flight":"AF312"},{"day":0,"utc":"17:25:00","flight":"AF582"},{"day":1,"utc":"05:36:00","flight":"AF069"},{"day":1,"utc":"01:09:00","flight":"AF241"},{"day":2,"utc":"18:55:00","flight":"AF494"},{"day":2,"utc":"10:03:00","flight":"AF778"},{"day":2,"utc":"21:18:00","flight":"AF597"},{"day":3,"utc":"19:21:00","flight":"AF004"},{"day":3,"utc":"00:26:00","flight":"AF500"},{"day":3,"utc":"17:00:00","flight":"AF156"},{"day":3,"utc":"00:13:00","flight":"AF950"},{"day":3,"utc":"16:46:00","flight":"AF912"},{"day":4,"utc":"23:53:00","flight":"AF698"},{"day":4,"utc":"00:55:00","flight":"AF776"},{"day":4,"utc":"04:26:00","flight":"AF102"},{"day":4,"utc":"20:15:00","flight":"AF816"},{"day":5,"utc":"19:13:00","flight":"AF002"},{"day":5,"utc":"20:10:00","flight":"AF570"},{"day":5,"utc":"00:07:00","flight":"AF277"},{"day":6,"utc":"21:35:00","flight":"AF225"},{"day":6,"utc":"11:47:00","flight":"AF069"},{"day":6,"utc":"10:59:00","flight":"AF922"},{"day":6,"utc":"11:07:00","flight":"AF968"}],"distance":508.98492180374865}