{"id":9695,"type":"route","airline":"AF","airlineid":"airline_137","sourceairport":"LYS","destinationairport":"PRG","stops":0,"equipment":"E90 CRK","schedule":[{"day":0,"utc":"15:49:00","flight":"AF219"},{"day":0,"utc":"22:39:00","flight":"AF998"},{"day":0,"utc":"01:49:00","flight":"AF857"},{"day":0,"utc":"05:46:00","flight":"AF366"},{"day":1,"utc":"20:26:00","flight":"AF368"},{"day":1,"utc":"18:04:00","flight":"AF298"},{"day":2,"utc":"07:43:00","flight":"AF303"},{"day":2,"utc":"17:25:00","flight":"AF200"},{"day":2,"utc":"15:55:00","flight":"AF067"},{"day":2,"utc":"04:53:00","flight":"AF587"},{"day":3,"utc":"05:29:00","flight":"AF870"},{"day":3,"utc":"20:07:00","flight":"AF251"},{"day":3,"utc":"00:01:00","flight":"AF348"},{"day":4,"utc":"00:04:00","flight":"AF679"},{"day":5,"utc":"03:41:00","flight":"AF043"},{"day":5,"utc":"03:52:00","flight":"AF950"},{"day":5,"utc":"17:29:00","flight":"AF466"},{"day":5,"utc":"00:38:00","flight":"AF030"},{"day":5,"utc":"15:14:00","flight":"AF251"},{"day":6,"utc":"05:49:00","flight":"AF466"},{"day":6,"utc":"22:19:00","flight":"AF672"},{"day":6,"utc":"04:41:00","flight":"AF930"}],"distance":837.8401959018521}