{"id":9623,"type":"route","airline":"AF","airlineid":"airline_137","sourceairport":"LAX","destinationairport":"MSP","stops":0,"equipment":"757","schedule":[{"day":0,"utc":"04:34:00","flight":"AF010"},{"day":1,"utc":"01:59:00","flight":"AF865"},{"day":2,"utc":"04:36:00","flight":"AF396"},{"day":2,"utc":"06:39:00","flight":"AF718"},{"day":2,"utc":"09:21:00","flight":"AF375"},{"day":2,"utc":"08:20:00","flight":"AF355"},{"day":2,"utc":"07:31:00","flight":"AF681"},{"day":3,"utc":"08:37:00","flight":"AF739"},{"day":4,"utc":"00:04:00","flight":"AF058"},{"day":4,"utc":"08:03:00","flight":"AF971"},{"day":4,"utc":"10:13:00","flight":"AF758"},{"day":4,"utc":"19:57:00","flight":"AF809"},{"day":4,"utc":"19:57:00","flight":"AF721"},{"day":5,"utc":"17:22:00","flight":"AF929"},{"day":5,"utc":"01:48:00","flight":"AF061"},{"day":5,"utc":"19:00:00","flight":"AF259"},{"day":5,"utc":"22:03:00","flight":"AF510"},{"day":5,"utc":"21:52:00","flight":"AF698"},{"day":6,"utc":"00:29:00","flight":"AF853"},{"day":6,"utc":"22:50:00","flight":"AF354"}],"distance":2467.298414305888}