{"id":9686,"type":"route","airline":"AF","airlineid":"airline_137","sourceairport":"LYS","destinationairport":"CDG","stops":0,"equipment":"320 319 318","schedule":[{"day":0,"utc":"04:46:00","flight":"AF111"},{"day":0,"utc":"17:19:00","flight":"AF110"},{"day":0,"utc":"02:27:00","flight":"AF445"},{"day":0,"utc":"14:21:00","flight":"AF268"},{"day":1,"utc":"22:14:00","flight":"AF113"},{"day":1,"utc":"20:06:00","flight":"AF146"},{"day":2,"utc":"22:24:00","flight":"AF960"},{"day":3,"utc":"17:06:00","flight":"AF496"},{"day":3,"utc":"05:21:00","flight":"AF036"},{"day":4,"utc":"05:34:00","flight":"AF662"},{"day":4,"utc":"06:35:00","flight":"AF009"},{"day":4,"utc":"02:01:00","flight":"AF576"},{"day":5,"utc":"08:57:00","flight":"AF343"},{"day":5,"utc":"22:46:00","flight":"AF354"},{"day":6,"utc":"10:11:00","flight":"AF862"},{"day":6,"utc":"04:21:00","flight":"AF301"},{"day":6,"utc":"02:07:00","flight":"AF089"},{"day":6,"utc":"08:30:00","flight":"AF939"},{"day":6,"utc":"20:41:00","flight":"AF791"}],"distance":412.4364968356663}