{"id":9105,"type":"route","airline":"AF","airlineid":"airline_137","sourceairport":"ATL","destinationairport":"MCI","stops":0,"equipment":"M88 M90 757","schedule":[{"day":0,"utc":"14:33:00","flight":"AF495"},{"day":0,"utc":"20:40:00","flight":"AF808"},{"day":0,"utc":"05:18:00","flight":"AF586"},{"day":0,"utc":"08:23:00","flight":"AF137"},{"day":0,"utc":"14:25:00","flight":"AF007"},{"day":1,"utc":"18:30:00","flight":"AF381"},{"day":1,"utc":"18:28:00","flight":"AF767"},{"day":1,"utc":"01:45:00","flight":"AF398"},{"day":1,"utc":"04:16:00","flight":"AF739"},{"day":2,"utc":"13:57:00","flight":"AF852"},{"day":3,"utc":"10:59:00","flight":"AF243"},{"day":3,"utc":"23:31:00","flight":"AF496"},{"day":3,"utc":"09:17:00","flight":"AF623"},{"day":3,"utc":"16:22:00","flight":"AF662"},{"day":4,"utc":"16:02:00","flight":"AF787"},{"day":4,"utc":"10:42:00","flight":"AF662"},{"day":4,"utc":"21:29:00","flight":"AF578"},{"day":5,"utc":"01:04:00","flight":"AF858"},{"day":5,"utc":"12:32:00","flight":"AF147"},{"day":5,"utc":"08:14:00","flight":"AF435"},{"day":6,"utc":"08:40:00","flight":"AF828"},{"day":6,"utc":"04:22:00","flight":"AF760"},{"day":6,"utc":"20:05:00","flight":"AF018"},{"day":6,"utc":"19:35:00","flight":"AF731"}],"distance":1113.3775780350363}