{"id":9785,"type":"route","airline":"AF","airlineid":"airline_137","sourceairport":"NBO","destinationairport":"DZA","stops":0,"equipment":"73W","schedule":[{"day":0,"utc":"18:55:00","flight":"AF802"},{"day":0,"utc":"17:07:00","flight":"AF208"},{"day":1,"utc":"01:33:00","flight":"AF760"},{"day":1,"utc":"13:37:00","flight":"AF991"},{"day":1,"utc":"21:53:00","flight":"AF381"},{"day":1,"utc":"11:27:00","flight":"AF578"},{"day":1,"utc":"14:03:00","flight":"AF736"},{"day":2,"utc":"03:34:00","flight":"AF805"},{"day":2,"utc":"11:05:00","flight":"AF341"},{"day":2,"utc":"21:07:00","flight":"AF713"},{"day":2,"utc":"09:20:00","flight":"AF298"},{"day":2,"utc":"15:00:00","flight":"AF560"},{"day":3,"utc":"03:12:00","flight":"AF855"},{"day":3,"utc":"11:41:00","flight":"AF997"},{"day":3,"utc":"20:39:00","flight":"AF890"},{"day":4,"utc":"02:30:00","flight":"AF343"},{"day":4,"utc":"03:20:00","flight":"AF999"},{"day":5,"utc":"02:06:00","flight":"AF754"},{"day":5,"utc":"08:41:00","flight":"AF151"},{"day":5,"utc":"08:21:00","flight":"AF144"},{"day":6,"utc":"21:59:00","flight":"AF963"}],"distance":1574.118032197924}