{"id":9129,"type":"route","airline":"AF","airlineid":"airline_137","sourceairport":"ATL","destinationairport":"ORD","stops":0,"equipment":"757 319 320 M88 M90","schedule":[{"day":0,"utc":"11:50:00","flight":"AF574"},{"day":0,"utc":"08:58:00","flight":"AF126"},{"day":0,"utc":"12:16:00","flight":"AF329"},{"day":0,"utc":"05:42:00","flight":"AF177"},{"day":1,"utc":"00:05:00","flight":"AF672"},{"day":2,"utc":"11:46:00","flight":"AF450"},{"day":2,"utc":"10:11:00","flight":"AF014"},{"day":3,"utc":"14:05:00","flight":"AF581"},{"day":3,"utc":"07:11:00","flight":"AF125"},{"day":4,"utc":"18:07:00","flight":"AF713"},{"day":4,"utc":"21:27:00","flight":"AF731"},{"day":5,"utc":"11:40:00","flight":"AF510"},{"day":5,"utc":"05:32:00","flight":"AF891"},{"day":5,"utc":"19:18:00","flight":"AF423"},{"day":6,"utc":"13:06:00","flight":"AF672"},{"day":6,"utc":"02:15:00","flight":"AF373"},{"day":6,"utc":"03:57:00","flight":"AF715"},{"day":6,"utc":"23:31:00","flight":"AF661"}],"distance":976.3282034488873}