{"id":9523,"type":"route","airline":"AF","airlineid":"airline_137","sourceairport":"FDF","destinationairport":"ORY","stops":0,"equipment":"77W","schedule":[{"day":0,"utc":"23:39:00","flight":"AF278"},{"day":0,"utc":"08:32:00","flight":"AF507"},{"day":0,"utc":"06:10:00","flight":"AF671"},{"day":0,"utc":"13:18:00","flight":"AF436"},{"day":0,"utc":"06:09:00","flight":"AF321"},{"day":1,"utc":"11:29:00","flight":"AF996"},{"day":1,"utc":"13:54:00","flight":"AF216"},{"day":2,"utc":"00:27:00","flight":"AF828"},{"day":2,"utc":"13:03:00","flight":"AF154"},{"day":2,"utc":"12:47:00","flight":"AF790"},{"day":2,"utc":"19:57:00","flight":"AF424"},{"day":2,"utc":"02:17:00","flight":"AF248"},{"day":3,"utc":"17:40:00","flight":"AF620"},{"day":3,"utc":"06:50:00","flight":"AF274"},{"day":3,"utc":"17:24:00","flight":"AF481"},{"day":3,"utc":"22:08:00","flight":"AF444"},{"day":3,"utc":"08:17:00","flight":"AF265"},{"day":4,"utc":"19:07:00","flight":"AF771"},{"day":4,"utc":"04:06:00","flight":"AF079"},{"day":4,"utc":"13:53:00","flight":"AF632"},{"day":5,"utc":"01:44:00","flight":"AF306"},{"day":5,"utc":"13:36:00","flight":"AF684"},{"day":5,"utc":"21:06:00","flight":"AF034"},{"day":5,"utc":"23:04:00","flight":"AF103"},{"day":5,"utc":"02:11:00","flight":"AF923"},{"day":6,"utc":"12:06:00","flight":"AF784"},{"day":6,"utc":"23:58:00","flight":"AF888"}],"distance":6850.147208056379}