{"id":9756,"type":"route","airline":"AF","airlineid":"airline_137","sourceairport":"MRS","destinationairport":"TUN","stops":0,"equipment":"319 320","schedule":[{"day":0,"utc":"15:08:00","flight":"AF104"},{"day":0,"utc":"06:28:00","flight":"AF137"},{"day":0,"utc":"23:46:00","flight":"AF683"},{"day":0,"utc":"13:22:00","flight":"AF669"},{"day":0,"utc":"06:40:00","flight":"AF701"},{"day":1,"utc":"07:26:00","flight":"AF000"},{"day":1,"utc":"07:00:00","flight":"AF064"},{"day":1,"utc":"17:17:00","flight":"AF944"},{"day":1,"utc":"02:41:00","flight":"AF134"},{"day":1,"utc":"00:05:00","flight":"AF224"},{"day":2,"utc":"18:35:00","flight":"AF295"},{"day":2,"utc":"20:09:00","flight":"AF650"},{"day":2,"utc":"22:55:00","flight":"AF102"},{"day":3,"utc":"03:29:00","flight":"AF104"},{"day":4,"utc":"20:04:00","flight":"AF945"},{"day":4,"utc":"18:29:00","flight":"AF911"},{"day":5,"utc":"01:45:00","flight":"AF783"},{"day":5,"utc":"07:21:00","flight":"AF094"},{"day":5,"utc":"18:02:00","flight":"AF280"},{"day":6,"utc":"05:17:00","flight":"AF648"},{"day":6,"utc":"07:40:00","flight":"AF435"}],"distance":846.7619394818453}