{"id":9414,"type":"route","airline":"AF","airlineid":"airline_137","sourceairport":"CDG","destinationairport":"VIE","stops":0,"equipment":"320 318 319 32A 321","schedule":[{"day":0,"utc":"18:14:00","flight":"AF470"},{"day":0,"utc":"22:02:00","flight":"AF755"},{"day":1,"utc":"18:54:00","flight":"AF077"},{"day":1,"utc":"13:26:00","flight":"AF444"},{"day":2,"utc":"15:18:00","flight":"AF510"},{"day":2,"utc":"03:35:00","flight":"AF995"},{"day":3,"utc":"09:44:00","flight":"AF887"},{"day":3,"utc":"02:01:00","flight":"AF605"},{"day":3,"utc":"05:21:00","flight":"AF924"},{"day":4,"utc":"12:15:00","flight":"AF845"},{"day":4,"utc":"15:48:00","flight":"AF455"},{"day":4,"utc":"03:41:00","flight":"AF065"},{"day":4,"utc":"10:03:00","flight":"AF234"},{"day":5,"utc":"18:59:00","flight":"AF611"},{"day":5,"utc":"15:27:00","flight":"AF888"},{"day":6,"utc":"21:43:00","flight":"AF830"},{"day":6,"utc":"08:54:00","flight":"AF483"},{"day":6,"utc":"07:16:00","flight":"AF337"}],"distance":1035.0932755012052}