{"id":9533,"type":"route","airline":"AF","airlineid":"airline_137","sourceairport":"FRA","destinationairport":"ATL","stops":0,"equipment":"764","schedule":[{"day":0,"utc":"15:51:00","flight":"AF909"},{"day":0,"utc":"09:35:00","flight":"AF629"},{"day":1,"utc":"23:42:00","flight":"AF389"},{"day":1,"utc":"09:14:00","flight":"AF023"},{"day":1,"utc":"22:53:00","flight":"AF697"},{"day":1,"utc":"19:05:00","flight":"AF268"},{"day":1,"utc":"10:56:00","flight":"AF116"},{"day":2,"utc":"05:39:00","flight":"AF787"},{"day":3,"utc":"04:13:00","flight":"AF499"},{"day":3,"utc":"21:51:00","flight":"AF829"},{"day":3,"utc":"22:11:00","flight":"AF230"},{"day":4,"utc":"18:33:00","flight":"AF836"},{"day":4,"utc":"16:02:00","flight":"AF895"},{"day":4,"utc":"15:29:00","flight":"AF976"},{"day":4,"utc":"09:45:00","flight":"AF310"},{"day":4,"utc":"21:59:00","flight":"AF183"},{"day":5,"utc":"22:55:00","flight":"AF453"},{"day":6,"utc":"17:53:00","flight":"AF182"},{"day":6,"utc":"07:08:00","flight":"AF197"},{"day":6,"utc":"19:29:00","flight":"AF145"},{"day":6,"utc":"19:47:00","flight":"AF206"},{"day":6,"utc":"19:02:00","flight":"AF905"}],"distance":7408.1971309060555}