{"id":9226,"type":"route","airline":"AF","airlineid":"airline_137","sourceairport":"BOD","destinationairport":"ORY","stops":0,"equipment":"321 319 320","schedule":[{"day":0,"utc":"14:01:00","flight":"AF422"},{"day":1,"utc":"01:43:00","flight":"AF567"},{"day":1,"utc":"13:39:00","flight":"AF731"},{"day":1,"utc":"23:45:00","flight":"AF249"},{"day":1,"utc":"03:24:00","flight":"AF409"},{"day":1,"utc":"05:51:00","flight":"AF851"},{"day":2,"utc":"01:47:00","flight":"AF265"},{"day":3,"utc":"11:45:00","flight":"AF414"},{"day":3,"utc":"00:06:00","flight":"AF810"},{"day":3,"utc":"05:42:00","flight":"AF330"},{"day":3,"utc":"21:36:00","flight":"AF702"},{"day":3,"utc":"15:57:00","flight":"AF780"},{"day":4,"utc":"14:03:00","flight":"AF047"},{"day":4,"utc":"20:25:00","flight":"AF657"},{"day":4,"utc":"22:45:00","flight":"AF421"},{"day":5,"utc":"13:27:00","flight":"AF849"},{"day":5,"utc":"09:58:00","flight":"AF798"},{"day":5,"utc":"13:01:00","flight":"AF358"},{"day":5,"utc":"03:49:00","flight":"AF299"},{"day":6,"utc":"17:03:00","flight":"AF392"},{"day":6,"utc":"05:06:00","flight":"AF889"},{"day":6,"utc":"23:28:00","flight":"AF401"}],"distance":492.44229804481233}