{"id":9132,"type":"route","airline":"AF","airlineid":"airline_137","sourceairport":"ATL","destinationairport":"PDX","stops":0,"equipment":"73H 738","schedule":[{"day":0,"utc":"09:55:00","flight":"AF036"},{"day":0,"utc":"23:15:00","flight":"AF689"},{"day":0,"utc":"11:28:00","flight":"AF170"},{"day":0,"utc":"17:05:00","flight":"AF917"},{"day":0,"utc":"19:24:00","flight":"AF552"},{"day":1,"utc":"11:36:00","flight":"AF314"},{"day":1,"utc":"13:36:00","flight":"AF905"},{"day":1,"utc":"08:08:00","flight":"AF668"},{"day":2,"utc":"10:34:00","flight":"AF217"},{"day":2,"utc":"21:50:00","flight":"AF481"},{"day":2,"utc":"13:06:00","flight":"AF696"},{"day":2,"utc":"16:10:00","flight":"AF471"},{"day":2,"utc":"02:39:00","flight":"AF882"},{"day":3,"utc":"23:54:00","flight":"AF068"},{"day":3,"utc":"11:08:00","flight":"AF132"},{"day":4,"utc":"05:09:00","flight":"AF473"},{"day":4,"utc":"13:23:00","flight":"AF981"},{"day":4,"utc":"05:34:00","flight":"AF025"},{"day":4,"utc":"02:35:00","flight":"AF097"},{"day":5,"utc":"01:47:00","flight":"AF847"},{"day":6,"utc":"18:12:00","flight":"AF989"}],"distance":3489.1246492057703}