{"id":9170,"type":"route","airline":"AF","airlineid":"airline_137","sourceairport":"ATL","destinationairport":"TYS","stops":0,"equipment":"CRJ CR7 717 CR9","schedule":[{"day":0,"utc":"01:14:00","flight":"AF693"},{"day":0,"utc":"05:32:00","flight":"AF814"},{"day":1,"utc":"00:07:00","flight":"AF746"},{"day":1,"utc":"14:29:00","flight":"AF114"},{"day":1,"utc":"10:14:00","flight":"AF555"},{"day":1,"utc":"13:34:00","flight":"AF211"},{"day":2,"utc":"22:07:00","flight":"AF218"},{"day":2,"utc":"09:28:00","flight":"AF834"},{"day":2,"utc":"14:44:00","flight":"AF196"},{"day":2,"utc":"21:00:00","flight":"AF482"},{"day":3,"utc":"12:36:00","flight":"AF698"},{"day":3,"utc":"17:44:00","flight":"AF565"},{"day":3,"utc":"08:16:00","flight":"AF092"},{"day":3,"utc":"09:40:00","flight":"AF430"},{"day":4,"utc":"12:50:00","flight":"AF339"},{"day":4,"utc":"20:17:00","flight":"AF859"},{"day":5,"utc":"07:58:00","flight":"AF365"},{"day":5,"utc":"02:29:00","flight":"AF927"},{"day":5,"utc":"05:26:00","flight":"AF631"},{"day":6,"utc":"00:31:00","flight":"AF490"},{"day":6,"utc":"08:30:00","flight":"AF261"}],"distance":244.99757249289283}