{"id":9809,"type":"route","airline":"AF","airlineid":"airline_137","sourceairport":"NDJ","destinationairport":"CDG","stops":0,"equipment":"332","schedule":[{"day":0,"utc":"13:54:00","flight":"AF221"},{"day":0,"utc":"01:02:00","flight":"AF523"},{"day":0,"utc":"01:34:00","flight":"AF631"},{"day":0,"utc":"00:26:00","flight":"AF392"},{"day":0,"utc":"01:42:00","flight":"AF741"},{"day":1,"utc":"20:21:00","flight":"AF643"},{"day":1,"utc":"06:52:00","flight":"AF771"},{"day":1,"utc":"09:25:00","flight":"AF066"},{"day":2,"utc":"08:02:00","flight":"AF917"},{"day":2,"utc":"17:03:00","flight":"AF060"},{"day":3,"utc":"12:16:00","flight":"AF128"},{"day":3,"utc":"09:53:00","flight":"AF478"},{"day":3,"utc":"00:45:00","flight":"AF293"},{"day":3,"utc":"05:53:00","flight":"AF120"},{"day":4,"utc":"22:25:00","flight":"AF427"},{"day":4,"utc":"06:47:00","flight":"AF328"},{"day":4,"utc":"04:30:00","flight":"AF702"},{"day":4,"utc":"05:37:00","flight":"AF978"},{"day":4,"utc":"06:41:00","flight":"AF695"},{"day":5,"utc":"16:37:00","flight":"AF733"},{"day":5,"utc":"10:38:00","flight":"AF640"},{"day":5,"utc":"05:16:00","flight":"AF231"},{"day":5,"utc":"02:03:00","flight":"AF032"},{"day":5,"utc":"11:49:00","flight":"AF573"},{"day":6,"utc":"05:03:00","flight":"AF413"},{"day":6,"utc":"16:23:00","flight":"AF381"},{"day":6,"utc":"06:01:00","flight":"AF116"},{"day":6,"utc":"06:37:00","flight":"AF054"},{"day":6,"utc":"23:54:00","flight":"AF328"}],"distance":4259.113702482957}