{"id":9269,"type":"route","airline":"AF","airlineid":"airline_137","sourceairport":"CDG","destinationairport":"AUH","stops":0,"equipment":"346","schedule":[{"day":0,"utc":"08:42:00","flight":"AF438"},{"day":1,"utc":"20:28:00","flight":"AF272"},{"day":2,"utc":"06:07:00","flight":"AF242"},{"day":2,"utc":"12:12:00","flight":"AF701"},{"day":2,"utc":"04:45:00","flight":"AF680"},{"day":2,"utc":"04:53:00","flight":"AF239"},{"day":3,"utc":"11:21:00","flight":"AF661"},{"day":3,"utc":"05:43:00","flight":"AF110"},{"day":3,"utc":"02:18:00","flight":"AF855"},{"day":3,"utc":"05:00:00","flight":"AF833"},{"day":3,"utc":"06:57:00","flight":"AF583"},{"day":4,"utc":"16:20:00","flight":"AF535"},{"day":4,"utc":"16:53:00","flight":"AF682"},{"day":4,"utc":"07:46:00","flight":"AF150"},{"day":4,"utc":"08:50:00","flight":"AF402"},{"day":5,"utc":"16:40:00","flight":"AF030"},{"day":6,"utc":"06:14:00","flight":"AF296"},{"day":6,"utc":"09:12:00","flight":"AF491"},{"day":6,"utc":"08:19:00","flight":"AF263"},{"day":6,"utc":"05:00:00","flight":"AF060"},{"day":6,"utc":"15:53:00","flight":"AF182"}],"distance":5251.860839376796}