{"id":9334,"type":"route","airline":"AF","airlineid":"airline_137","sourceairport":"CDG","destinationairport":"JED","stops":0,"equipment":"333","schedule":[{"day":0,"utc":"08:38:00","flight":"AF255"},{"day":1,"utc":"14:02:00","flight":"AF495"},{"day":2,"utc":"22:49:00","flight":"AF998"},{"day":3,"utc":"04:20:00","flight":"AF434"},{"day":4,"utc":"13:10:00","flight":"AF729"},{"day":4,"utc":"10:27:00","flight":"AF476"},{"day":4,"utc":"11:49:00","flight":"AF035"},{"day":4,"utc":"15:31:00","flight":"AF026"},{"day":5,"utc":"13:47:00","flight":"AF505"},{"day":5,"utc":"08:29:00","flight":"AF501"},{"day":5,"utc":"19:04:00","flight":"AF562"},{"day":6,"utc":"17:11:00","flight":"AF091"},{"day":6,"utc":"22:09:00","flight":"AF945"}],"distance":4427.107676814687}