{"id":9913,"type":"route","airline":"AF","airlineid":"airline_137","sourceairport":"RNS","destinationairport":"CDG","stops":0,"equipment":"AT7","schedule":[{"day":0,"utc":"18:21:00","flight":"AF723"},{"day":0,"utc":"13:05:00","flight":"AF275"},{"day":0,"utc":"10:58:00","flight":"AF129"},{"day":0,"utc":"03:25:00","flight":"AF355"},{"day":1,"utc":"18:11:00","flight":"AF516"},{"day":1,"utc":"01:56:00","flight":"AF663"},{"day":1,"utc":"00:48:00","flight":"AF332"},{"day":2,"utc":"02:30:00","flight":"AF110"},{"day":2,"utc":"09:13:00","flight":"AF911"},{"day":2,"utc":"11:39:00","flight":"AF861"},{"day":3,"utc":"23:53:00","flight":"AF316"},{"day":3,"utc":"01:15:00","flight":"AF222"},{"day":4,"utc":"11:58:00","flight":"AF173"},{"day":4,"utc":"22:28:00","flight":"AF235"},{"day":4,"utc":"23:37:00","flight":"AF634"},{"day":4,"utc":"05:22:00","flight":"AF826"},{"day":4,"utc":"18:57:00","flight":"AF147"},{"day":5,"utc":"21:34:00","flight":"AF795"},{"day":5,"utc":"13:10:00","flight":"AF509"},{"day":5,"utc":"18:59:00","flight":"AF860"},{"day":6,"utc":"02:02:00","flight":"AF011"}],"distance":332.37223310336606}