{"id":9856,"type":"route","airline":"AF","airlineid":"airline_137","sourceairport":"ORY","destinationairport":"NCE","stops":0,"equipment":"320 319 321","schedule":[{"day":0,"utc":"05:46:00","flight":"AF544"},{"day":0,"utc":"22:11:00","flight":"AF176"},{"day":0,"utc":"01:30:00","flight":"AF887"},{"day":0,"utc":"12:02:00","flight":"AF371"},{"day":0,"utc":"16:49:00","flight":"AF072"},{"day":1,"utc":"11:22:00","flight":"AF253"},{"day":1,"utc":"17:37:00","flight":"AF824"},{"day":1,"utc":"04:30:00","flight":"AF983"},{"day":2,"utc":"01:53:00","flight":"AF692"},{"day":2,"utc":"04:19:00","flight":"AF521"},{"day":2,"utc":"10:19:00","flight":"AF464"},{"day":3,"utc":"00:31:00","flight":"AF727"},{"day":4,"utc":"18:28:00","flight":"AF483"},{"day":5,"utc":"19:27:00","flight":"AF504"},{"day":5,"utc":"12:56:00","flight":"AF435"},{"day":5,"utc":"02:36:00","flight":"AF846"},{"day":6,"utc":"00:02:00","flight":"AF718"},{"day":6,"utc":"18:08:00","flight":"AF485"}],"distance":675.8255888463958}