{"id":9369,"type":"route","airline":"AF","airlineid":"airline_137","sourceairport":"CDG","destinationairport":"NDJ","stops":0,"equipment":"332","schedule":[{"day":0,"utc":"23:09:00","flight":"AF060"},{"day":0,"utc":"19:52:00","flight":"AF996"},{"day":0,"utc":"23:13:00","flight":"AF135"},{"day":0,"utc":"11:01:00","flight":"AF370"},{"day":0,"utc":"12:35:00","flight":"AF791"},{"day":1,"utc":"14:46:00","flight":"AF995"},{"day":1,"utc":"11:02:00","flight":"AF249"},{"day":2,"utc":"22:53:00","flight":"AF672"},{"day":2,"utc":"23:28:00","flight":"AF157"},{"day":3,"utc":"20:43:00","flight":"AF718"},{"day":4,"utc":"22:26:00","flight":"AF417"},{"day":4,"utc":"06:51:00","flight":"AF269"},{"day":5,"utc":"03:42:00","flight":"AF131"},{"day":6,"utc":"21:54:00","flight":"AF277"},{"day":6,"utc":"19:01:00","flight":"AF047"},{"day":6,"utc":"15:25:00","flight":"AF817"},{"day":6,"utc":"08:10:00","flight":"AF562"}],"distance":4259.113702482957}