{"id":9294,"type":"route","airline":"AF","airlineid":"airline_137","sourceairport":"CDG","destinationairport":"CFE","stops":0,"equipment":"E90 E70","schedule":[{"day":0,"utc":"06:52:00","flight":"AF281"},{"day":1,"utc":"07:01:00","flight":"AF406"},{"day":1,"utc":"12:08:00","flight":"AF589"},{"day":1,"utc":"17:10:00","flight":"AF865"},{"day":1,"utc":"22:11:00","flight":"AF188"},{"day":2,"utc":"13:13:00","flight":"AF539"},{"day":2,"utc":"23:42:00","flight":"AF939"},{"day":2,"utc":"04:25:00","flight":"AF513"},{"day":2,"utc":"18:48:00","flight":"AF602"},{"day":2,"utc":"13:21:00","flight":"AF044"},{"day":3,"utc":"19:53:00","flight":"AF283"},{"day":3,"utc":"10:38:00","flight":"AF203"},{"day":3,"utc":"06:31:00","flight":"AF225"},{"day":3,"utc":"08:43:00","flight":"AF810"},{"day":3,"utc":"11:52:00","flight":"AF291"},{"day":4,"utc":"22:12:00","flight":"AF510"},{"day":5,"utc":"12:01:00","flight":"AF655"},{"day":6,"utc":"08:01:00","flight":"AF118"},{"day":6,"utc":"11:51:00","flight":"AF175"},{"day":6,"utc":"16:21:00","flight":"AF698"}],"distance":361.7386907998179}