{"id":9807,"type":"route","airline":"AF","airlineid":"airline_137","sourceairport":"NCE","destinationairport":"VCE","stops":0,"equipment":"320","schedule":[{"day":0,"utc":"06:27:00","flight":"AF363"},{"day":0,"utc":"23:55:00","flight":"AF211"},{"day":0,"utc":"22:48:00","flight":"AF697"},{"day":0,"utc":"15:43:00","flight":"AF763"},{"day":0,"utc":"19:12:00","flight":"AF203"},{"day":1,"utc":"01:39:00","flight":"AF344"},{"day":1,"utc":"23:22:00","flight":"AF458"},{"day":1,"utc":"05:22:00","flight":"AF403"},{"day":1,"utc":"22:26:00","flight":"AF547"},{"day":1,"utc":"17:51:00","flight":"AF857"},{"day":2,"utc":"12:04:00","flight":"AF789"},{"day":2,"utc":"19:50:00","flight":"AF057"},{"day":3,"utc":"05:35:00","flight":"AF500"},{"day":3,"utc":"10:58:00","flight":"AF301"},{"day":4,"utc":"03:50:00","flight":"AF692"},{"day":5,"utc":"08:26:00","flight":"AF795"},{"day":5,"utc":"07:33:00","flight":"AF533"},{"day":6,"utc":"22:34:00","flight":"AF072"},{"day":6,"utc":"07:58:00","flight":"AF056"}],"distance":455.54782579172445}