{"id":9158,"type":"route","airline":"AF","airlineid":"airline_137","sourceairport":"ATL","destinationairport":"SLC","stops":0,"equipment":"757 763 320","schedule":[{"day":0,"utc":"22:48:00","flight":"AF180"},{"day":0,"utc":"03:48:00","flight":"AF662"},{"day":0,"utc":"04:00:00","flight":"AF905"},{"day":1,"utc":"05:43:00","flight":"AF651"},{"day":1,"utc":"00:34:00","flight":"AF490"},{"day":1,"utc":"02:14:00","flight":"AF701"},{"day":2,"utc":"07:36:00","flight":"AF016"},{"day":2,"utc":"12:26:00","flight":"AF188"},{"day":2,"utc":"15:23:00","flight":"AF410"},{"day":2,"utc":"01:22:00","flight":"AF268"},{"day":3,"utc":"18:06:00","flight":"AF635"},{"day":3,"utc":"20:12:00","flight":"AF686"},{"day":3,"utc":"11:07:00","flight":"AF588"},{"day":3,"utc":"13:35:00","flight":"AF508"},{"day":3,"utc":"03:54:00","flight":"AF799"},{"day":4,"utc":"18:59:00","flight":"AF075"},{"day":5,"utc":"23:09:00","flight":"AF921"},{"day":6,"utc":"03:55:00","flight":"AF966"},{"day":6,"utc":"15:23:00","flight":"AF497"}],"distance":2553.587226120797}