{"id":9368,"type":"route","airline":"AF","airlineid":"airline_137","sourceairport":"CDG","destinationairport":"NCL","stops":0,"equipment":"AR8","schedule":[{"day":0,"utc":"16:13:00","flight":"AF058"},{"day":0,"utc":"04:19:00","flight":"AF079"},{"day":1,"utc":"05:25:00","flight":"AF066"},{"day":1,"utc":"13:07:00","flight":"AF846"},{"day":1,"utc":"01:52:00","flight":"AF491"},{"day":1,"utc":"04:00:00","flight":"AF962"},{"day":1,"utc":"23:11:00","flight":"AF397"},{"day":2,"utc":"09:21:00","flight":"AF691"},{"day":2,"utc":"14:22:00","flight":"AF626"},{"day":2,"utc":"20:40:00","flight":"AF284"},{"day":2,"utc":"04:06:00","flight":"AF544"},{"day":2,"utc":"08:10:00","flight":"AF520"},{"day":3,"utc":"11:16:00","flight":"AF722"},{"day":3,"utc":"09:08:00","flight":"AF340"},{"day":3,"utc":"15:23:00","flight":"AF910"},{"day":4,"utc":"22:06:00","flight":"AF019"},{"day":4,"utc":"17:44:00","flight":"AF870"},{"day":4,"utc":"10:19:00","flight":"AF391"},{"day":5,"utc":"13:42:00","flight":"AF332"},{"day":5,"utc":"09:15:00","flight":"AF751"},{"day":5,"utc":"23:30:00","flight":"AF470"},{"day":6,"utc":"10:05:00","flight":"AF577"},{"day":6,"utc":"18:49:00","flight":"AF733"},{"day":6,"utc":"08:14:00","flight":"AF273"}],"distance":729.7474755366684}