{"id":9361,"type":"route","airline":"AF","airlineid":"airline_137","sourceairport":"CDG","destinationairport":"MRS","stops":0,"equipment":"32A 319 318 321 320","schedule":[{"day":0,"utc":"07:25:00","flight":"AF095"},{"day":0,"utc":"10:59:00","flight":"AF332"},{"day":0,"utc":"18:29:00","flight":"AF288"},{"day":0,"utc":"22:17:00","flight":"AF917"},{"day":1,"utc":"01:52:00","flight":"AF704"},{"day":1,"utc":"19:45:00","flight":"AF486"},{"day":1,"utc":"08:05:00","flight":"AF956"},{"day":1,"utc":"05:25:00","flight":"AF241"},{"day":1,"utc":"17:51:00","flight":"AF709"},{"day":2,"utc":"18:21:00","flight":"AF436"},{"day":2,"utc":"14:21:00","flight":"AF408"},{"day":2,"utc":"03:05:00","flight":"AF989"},{"day":2,"utc":"12:18:00","flight":"AF889"},{"day":2,"utc":"00:38:00","flight":"AF868"},{"day":3,"utc":"19:32:00","flight":"AF578"},{"day":4,"utc":"01:10:00","flight":"AF904"},{"day":4,"utc":"20:34:00","flight":"AF809"},{"day":4,"utc":"09:06:00","flight":"AF728"},{"day":5,"utc":"11:28:00","flight":"AF060"},{"day":5,"utc":"03:50:00","flight":"AF720"},{"day":5,"utc":"22:59:00","flight":"AF412"},{"day":5,"utc":"12:26:00","flight":"AF672"},{"day":6,"utc":"05:03:00","flight":"AF616"},{"day":6,"utc":"02:42:00","flight":"AF208"},{"day":6,"utc":"19:53:00","flight":"AF399"}],"distance":653.0231979270914}