{"id":9638,"type":"route","airline":"AF","airlineid":"airline_137","sourceairport":"LCY","destinationairport":"NTE","stops":0,"equipment":"AR8 F50","schedule":[{"day":0,"utc":"12:15:00","flight":"AF472"},{"day":1,"utc":"07:35:00","flight":"AF314"},{"day":1,"utc":"22:48:00","flight":"AF619"},{"day":1,"utc":"13:22:00","flight":"AF883"},{"day":1,"utc":"05:46:00","flight":"AF137"},{"day":2,"utc":"23:50:00","flight":"AF175"},{"day":2,"utc":"11:29:00","flight":"AF139"},{"day":2,"utc":"18:34:00","flight":"AF411"},{"day":3,"utc":"07:32:00","flight":"AF771"},{"day":4,"utc":"01:00:00","flight":"AF958"},{"day":4,"utc":"00:57:00","flight":"AF077"},{"day":4,"utc":"23:00:00","flight":"AF889"},{"day":4,"utc":"08:00:00","flight":"AF983"},{"day":4,"utc":"10:13:00","flight":"AF714"},{"day":5,"utc":"19:33:00","flight":"AF803"},{"day":5,"utc":"19:20:00","flight":"AF401"},{"day":5,"utc":"09:12:00","flight":"AF921"},{"day":6,"utc":"19:16:00","flight":"AF924"},{"day":6,"utc":"13:43:00","flight":"AF341"},{"day":6,"utc":"05:58:00","flight":"AF983"},{"day":6,"utc":"17:45:00","flight":"AF372"},{"day":6,"utc":"11:49:00","flight":"AF554"}],"distance":498.7265400286622}