{"id":9259,"type":"route","airline":"AF","airlineid":"airline_137","sourceairport":"CDG","destinationairport":"ABJ","stops":0,"equipment":"772","schedule":[{"day":0,"utc":"18:25:00","flight":"AF121"},{"day":0,"utc":"09:47:00","flight":"AF019"},{"day":0,"utc":"09:01:00","flight":"AF547"},{"day":0,"utc":"07:41:00","flight":"AF454"},{"day":0,"utc":"06:24:00","flight":"AF264"},{"day":1,"utc":"18:43:00","flight":"AF376"},{"day":1,"utc":"19:21:00","flight":"AF884"},{"day":1,"utc":"06:54:00","flight":"AF560"},{"day":1,"utc":"19:36:00","flight":"AF933"},{"day":1,"utc":"07:01:00","flight":"AF350"},{"day":2,"utc":"06:12:00","flight":"AF090"},{"day":2,"utc":"11:37:00","flight":"AF903"},{"day":2,"utc":"18:44:00","flight":"AF807"},{"day":2,"utc":"02:46:00","flight":"AF293"},{"day":2,"utc":"00:18:00","flight":"AF176"},{"day":3,"utc":"22:38:00","flight":"AF595"},{"day":4,"utc":"12:16:00","flight":"AF859"},{"day":4,"utc":"15:02:00","flight":"AF674"},{"day":4,"utc":"18:43:00","flight":"AF723"},{"day":4,"utc":"00:25:00","flight":"AF398"},{"day":4,"utc":"04:32:00","flight":"AF942"},{"day":5,"utc":"23:39:00","flight":"AF126"},{"day":5,"utc":"02:10:00","flight":"AF870"},{"day":5,"utc":"04:24:00","flight":"AF259"},{"day":6,"utc":"03:37:00","flight":"AF642"},{"day":6,"utc":"13:34:00","flight":"AF675"},{"day":6,"utc":"03:49:00","flight":"AF041"}],"distance":4903.211120273851}