{"id":9841,"type":"route","airline":"AF","airlineid":"airline_137","sourceairport":"ORY","destinationairport":"BIQ","stops":0,"equipment":"319 321 CRK 320","schedule":[{"day":0,"utc":"02:18:00","flight":"AF601"},{"day":0,"utc":"23:44:00","flight":"AF422"},{"day":0,"utc":"07:50:00","flight":"AF333"},{"day":1,"utc":"07:49:00","flight":"AF026"},{"day":1,"utc":"23:26:00","flight":"AF662"},{"day":2,"utc":"11:49:00","flight":"AF762"},{"day":2,"utc":"03:59:00","flight":"AF496"},{"day":3,"utc":"05:01:00","flight":"AF938"},{"day":4,"utc":"01:39:00","flight":"AF227"},{"day":4,"utc":"08:24:00","flight":"AF693"},{"day":4,"utc":"10:29:00","flight":"AF000"},{"day":4,"utc":"06:53:00","flight":"AF892"},{"day":4,"utc":"23:01:00","flight":"AF433"},{"day":5,"utc":"11:36:00","flight":"AF358"},{"day":5,"utc":"03:03:00","flight":"AF868"},{"day":6,"utc":"01:15:00","flight":"AF721"},{"day":6,"utc":"04:23:00","flight":"AF883"},{"day":6,"utc":"14:59:00","flight":"AF729"},{"day":6,"utc":"08:27:00","flight":"AF563"}],"distance":656.5301927031787}