{"id":9713,"type":"route","airline":"AF","airlineid":"airline_137","sourceairport":"MEM","destinationairport":"ATL","stops":0,"equipment":"320 M88 319","schedule":[{"day":0,"utc":"06:38:00","flight":"AF008"},{"day":0,"utc":"14:02:00","flight":"AF002"},{"day":0,"utc":"22:22:00","flight":"AF916"},{"day":0,"utc":"08:52:00","flight":"AF844"},{"day":0,"utc":"01:53:00","flight":"AF865"},{"day":1,"utc":"20:26:00","flight":"AF323"},{"day":1,"utc":"09:28:00","flight":"AF989"},{"day":2,"utc":"09:42:00","flight":"AF383"},{"day":2,"utc":"03:21:00","flight":"AF939"},{"day":2,"utc":"13:02:00","flight":"AF969"},{"day":2,"utc":"15:18:00","flight":"AF354"},{"day":2,"utc":"07:45:00","flight":"AF368"},{"day":3,"utc":"13:01:00","flight":"AF768"},{"day":3,"utc":"19:37:00","flight":"AF291"},{"day":3,"utc":"03:48:00","flight":"AF335"},{"day":3,"utc":"04:09:00","flight":"AF230"},{"day":4,"utc":"23:53:00","flight":"AF043"},{"day":4,"utc":"17:27:00","flight":"AF617"},{"day":4,"utc":"19:50:00","flight":"AF634"},{"day":4,"utc":"11:14:00","flight":"AF982"},{"day":5,"utc":"20:11:00","flight":"AF997"},{"day":5,"utc":"13:20:00","flight":"AF210"},{"day":6,"utc":"09:18:00","flight":"AF048"},{"day":6,"utc":"10:00:00","flight":"AF185"},{"day":6,"utc":"08:18:00","flight":"AF863"}],"distance":532.7924460921968}