{"id":9636,"type":"route","airline":"AF","airlineid":"airline_137","sourceairport":"LCY","destinationairport":"FLR","stops":0,"equipment":"AR8","schedule":[{"day":0,"utc":"16:11:00","flight":"AF165"},{"day":0,"utc":"03:55:00","flight":"AF922"},{"day":0,"utc":"01:58:00","flight":"AF237"},{"day":0,"utc":"12:39:00","flight":"AF981"},{"day":1,"utc":"16:31:00","flight":"AF924"},{"day":1,"utc":"14:42:00","flight":"AF452"},{"day":1,"utc":"10:58:00","flight":"AF974"},{"day":1,"utc":"02:15:00","flight":"AF923"},{"day":1,"utc":"06:39:00","flight":"AF521"},{"day":2,"utc":"03:39:00","flight":"AF031"},{"day":2,"utc":"17:07:00","flight":"AF887"},{"day":2,"utc":"17:19:00","flight":"AF236"},{"day":2,"utc":"16:00:00","flight":"AF602"},{"day":3,"utc":"00:02:00","flight":"AF323"},{"day":3,"utc":"22:23:00","flight":"AF532"},{"day":3,"utc":"13:13:00","flight":"AF868"},{"day":4,"utc":"11:37:00","flight":"AF583"},{"day":4,"utc":"07:00:00","flight":"AF472"},{"day":4,"utc":"09:04:00","flight":"AF676"},{"day":5,"utc":"00:14:00","flight":"AF143"},{"day":5,"utc":"22:37:00","flight":"AF916"},{"day":5,"utc":"10:08:00","flight":"AF367"},{"day":5,"utc":"18:21:00","flight":"AF679"},{"day":5,"utc":"07:41:00","flight":"AF346"},{"day":6,"utc":"03:07:00","flight":"AF390"},{"day":6,"utc":"19:59:00","flight":"AF746"},{"day":6,"utc":"07:12:00","flight":"AF751"}],"distance":1193.1089660981324}