{"id":9517,"type":"route","airline":"AF","airlineid":"airline_137","sourceairport":"FCO","destinationairport":"MPL","stops":0,"equipment":"E75 E90","schedule":[{"day":0,"utc":"21:15:00","flight":"AF846"},{"day":0,"utc":"19:16:00","flight":"AF052"},{"day":0,"utc":"11:21:00","flight":"AF187"},{"day":0,"utc":"09:36:00","flight":"AF927"},{"day":1,"utc":"02:13:00","flight":"AF116"},{"day":1,"utc":"08:17:00","flight":"AF084"},{"day":1,"utc":"09:18:00","flight":"AF251"},{"day":2,"utc":"03:29:00","flight":"AF583"},{"day":2,"utc":"18:36:00","flight":"AF217"},{"day":2,"utc":"02:23:00","flight":"AF306"},{"day":3,"utc":"07:29:00","flight":"AF258"},{"day":3,"utc":"12:16:00","flight":"AF436"},{"day":3,"utc":"00:45:00","flight":"AF925"},{"day":3,"utc":"18:29:00","flight":"AF162"},{"day":4,"utc":"07:46:00","flight":"AF121"},{"day":4,"utc":"01:58:00","flight":"AF092"},{"day":5,"utc":"10:05:00","flight":"AF029"},{"day":5,"utc":"07:23:00","flight":"AF360"},{"day":6,"utc":"03:25:00","flight":"AF299"},{"day":6,"utc":"17:48:00","flight":"AF142"}],"distance":705.0868520842406}