{"id":9304,"type":"route","airline":"AF","airlineid":"airline_137","sourceairport":"CDG","destinationairport":"DTW","stops":0,"equipment":"343","schedule":[{"day":0,"utc":"18:46:00","flight":"AF575"},{"day":0,"utc":"15:40:00","flight":"AF357"},{"day":1,"utc":"07:59:00","flight":"AF294"},{"day":1,"utc":"13:40:00","flight":"AF911"},{"day":1,"utc":"13:55:00","flight":"AF827"},{"day":1,"utc":"08:52:00","flight":"AF129"},{"day":1,"utc":"13:39:00","flight":"AF387"},{"day":2,"utc":"23:32:00","flight":"AF282"},{"day":2,"utc":"01:56:00","flight":"AF998"},{"day":2,"utc":"03:30:00","flight":"AF756"},{"day":3,"utc":"18:11:00","flight":"AF090"},{"day":3,"utc":"11:04:00","flight":"AF811"},{"day":3,"utc":"20:29:00","flight":"AF032"},{"day":4,"utc":"23:44:00","flight":"AF455"},{"day":5,"utc":"19:24:00","flight":"AF142"},{"day":6,"utc":"15:23:00","flight":"AF518"},{"day":6,"utc":"12:12:00","flight":"AF172"},{"day":6,"utc":"23:16:00","flight":"AF292"},{"day":6,"utc":"19:45:00","flight":"AF779"},{"day":6,"utc":"03:48:00","flight":"AF651"}],"distance":6359.063991462443}