{"id":9984,"type":"route","airline":"AF","airlineid":"airline_137","sourceairport":"TLN","destinationairport":"ORY","stops":0,"equipment":"CRK 319 321 320","schedule":[{"day":0,"utc":"00:52:00","flight":"AF698"},{"day":0,"utc":"15:13:00","flight":"AF693"},{"day":0,"utc":"12:06:00","flight":"AF681"},{"day":1,"utc":"10:46:00","flight":"AF129"},{"day":1,"utc":"07:33:00","flight":"AF636"},{"day":1,"utc":"12:06:00","flight":"AF351"},{"day":1,"utc":"08:26:00","flight":"AF254"},{"day":1,"utc":"04:41:00","flight":"AF912"},{"day":2,"utc":"18:58:00","flight":"AF308"},{"day":2,"utc":"21:26:00","flight":"AF575"},{"day":2,"utc":"13:50:00","flight":"AF716"},{"day":2,"utc":"13:22:00","flight":"AF401"},{"day":3,"utc":"11:01:00","flight":"AF315"},{"day":3,"utc":"03:46:00","flight":"AF238"},{"day":3,"utc":"22:32:00","flight":"AF426"},{"day":4,"utc":"20:24:00","flight":"AF194"},{"day":5,"utc":"18:56:00","flight":"AF146"},{"day":6,"utc":"18:39:00","flight":"AF533"},{"day":6,"utc":"20:15:00","flight":"AF443"},{"day":6,"utc":"01:38:00","flight":"AF251"}],"distance":690.7568160600379}