{"id":9828,"type":"route","airline":"AF","airlineid":"airline_137","sourceairport":"NTE","destinationairport":"NCE","stops":0,"equipment":"320 319","schedule":[{"day":0,"utc":"00:13:00","flight":"AF937"},{"day":0,"utc":"19:14:00","flight":"AF292"},{"day":1,"utc":"08:39:00","flight":"AF053"},{"day":1,"utc":"19:37:00","flight":"AF104"},{"day":1,"utc":"16:57:00","flight":"AF106"},{"day":2,"utc":"13:00:00","flight":"AF027"},{"day":2,"utc":"20:35:00","flight":"AF438"},{"day":2,"utc":"14:58:00","flight":"AF053"},{"day":2,"utc":"17:35:00","flight":"AF275"},{"day":2,"utc":"13:34:00","flight":"AF498"},{"day":3,"utc":"02:24:00","flight":"AF364"},{"day":3,"utc":"09:44:00","flight":"AF317"},{"day":4,"utc":"12:38:00","flight":"AF670"},{"day":4,"utc":"19:38:00","flight":"AF649"},{"day":4,"utc":"17:16:00","flight":"AF830"},{"day":4,"utc":"05:02:00","flight":"AF604"},{"day":4,"utc":"00:01:00","flight":"AF423"},{"day":5,"utc":"03:18:00","flight":"AF110"},{"day":5,"utc":"14:27:00","flight":"AF169"},{"day":5,"utc":"20:06:00","flight":"AF627"},{"day":5,"utc":"00:37:00","flight":"AF486"},{"day":6,"utc":"17:17:00","flight":"AF128"},{"day":6,"utc":"03:41:00","flight":"AF875"}],"distance":790.4145839877211}