{"id":9465,"type":"route","airline":"AF","airlineid":"airline_137","sourceairport":"DFW","destinationairport":"ATL","stops":0,"equipment":"M88 319","schedule":[{"day":0,"utc":"11:38:00","flight":"AF700"},{"day":0,"utc":"19:08:00","flight":"AF691"},{"day":0,"utc":"23:35:00","flight":"AF320"},{"day":0,"utc":"12:15:00","flight":"AF531"},{"day":0,"utc":"04:18:00","flight":"AF667"},{"day":1,"utc":"11:38:00","flight":"AF951"},{"day":1,"utc":"10:59:00","flight":"AF434"},{"day":1,"utc":"20:29:00","flight":"AF336"},{"day":1,"utc":"09:56:00","flight":"AF465"},{"day":1,"utc":"20:58:00","flight":"AF282"},{"day":2,"utc":"15:30:00","flight":"AF789"},{"day":2,"utc":"07:34:00","flight":"AF886"},{"day":3,"utc":"16:59:00","flight":"AF957"},{"day":3,"utc":"02:40:00","flight":"AF137"},{"day":3,"utc":"23:39:00","flight":"AF356"},{"day":3,"utc":"21:47:00","flight":"AF785"},{"day":4,"utc":"06:08:00","flight":"AF775"},{"day":4,"utc":"23:15:00","flight":"AF836"},{"day":5,"utc":"12:58:00","flight":"AF435"},{"day":5,"utc":"03:21:00","flight":"AF461"},{"day":5,"utc":"09:12:00","flight":"AF400"},{"day":5,"utc":"14:08:00","flight":"AF231"},{"day":6,"utc":"06:56:00","flight":"AF576"},{"day":6,"utc":"02:52:00","flight":"AF753"}],"distance":1174.5341376297392}