{"id":9850,"type":"route","airline":"AF","airlineid":"airline_137","sourceairport":"ORY","destinationairport":"LYS","stops":0,"equipment":"CRK","schedule":[{"day":0,"utc":"17:26:00","flight":"AF718"},{"day":0,"utc":"04:15:00","flight":"AF615"},{"day":0,"utc":"18:55:00","flight":"AF055"},{"day":0,"utc":"14:12:00","flight":"AF192"},{"day":1,"utc":"09:04:00","flight":"AF316"},{"day":2,"utc":"11:45:00","flight":"AF378"},{"day":3,"utc":"16:28:00","flight":"AF133"},{"day":3,"utc":"05:17:00","flight":"AF713"},{"day":3,"utc":"23:14:00","flight":"AF530"},{"day":3,"utc":"00:43:00","flight":"AF730"},{"day":3,"utc":"07:48:00","flight":"AF532"},{"day":4,"utc":"13:49:00","flight":"AF630"},{"day":4,"utc":"13:10:00","flight":"AF320"},{"day":4,"utc":"15:27:00","flight":"AF852"},{"day":4,"utc":"16:11:00","flight":"AF554"},{"day":4,"utc":"22:10:00","flight":"AF347"},{"day":5,"utc":"14:16:00","flight":"AF840"},{"day":5,"utc":"02:56:00","flight":"AF039"},{"day":5,"utc":"09:53:00","flight":"AF048"},{"day":6,"utc":"03:36:00","flight":"AF039"},{"day":6,"utc":"10:56:00","flight":"AF293"},{"day":6,"utc":"09:58:00","flight":"AF389"},{"day":6,"utc":"14:38:00","flight":"AF975"},{"day":6,"utc":"02:37:00","flight":"AF097"}],"distance":392.0337271172327}