{"id":9221,"type":"route","airline":"AF","airlineid":"airline_137","sourceairport":"BOD","destinationairport":"AMS","stops":0,"equipment":"E90 73W F70","schedule":[{"day":0,"utc":"12:00:00","flight":"AF661"},{"day":1,"utc":"11:23:00","flight":"AF542"},{"day":1,"utc":"16:02:00","flight":"AF405"},{"day":1,"utc":"02:53:00","flight":"AF518"},{"day":1,"utc":"11:01:00","flight":"AF568"},{"day":1,"utc":"21:19:00","flight":"AF760"},{"day":2,"utc":"06:20:00","flight":"AF300"},{"day":2,"utc":"02:57:00","flight":"AF846"},{"day":3,"utc":"12:13:00","flight":"AF173"},{"day":3,"utc":"16:24:00","flight":"AF478"},{"day":4,"utc":"10:58:00","flight":"AF456"},{"day":4,"utc":"18:10:00","flight":"AF127"},{"day":4,"utc":"17:37:00","flight":"AF675"},{"day":4,"utc":"16:44:00","flight":"AF493"},{"day":5,"utc":"11:49:00","flight":"AF225"},{"day":5,"utc":"03:03:00","flight":"AF318"},{"day":6,"utc":"16:01:00","flight":"AF962"}],"distance":923.6896874613947}