{"id":9522,"type":"route","airline":"AF","airlineid":"airline_137","sourceairport":"FDF","destinationairport":"CAY","stops":0,"equipment":"32A 320","schedule":[{"day":0,"utc":"19:59:00","flight":"AF879"},{"day":0,"utc":"11:43:00","flight":"AF182"},{"day":1,"utc":"08:14:00","flight":"AF607"},{"day":1,"utc":"03:40:00","flight":"AF614"},{"day":1,"utc":"07:03:00","flight":"AF819"},{"day":1,"utc":"00:11:00","flight":"AF720"},{"day":1,"utc":"17:10:00","flight":"AF575"},{"day":2,"utc":"07:58:00","flight":"AF792"},{"day":2,"utc":"20:51:00","flight":"AF309"},{"day":2,"utc":"11:15:00","flight":"AF565"},{"day":3,"utc":"07:23:00","flight":"AF392"},{"day":3,"utc":"08:05:00","flight":"AF385"},{"day":4,"utc":"07:42:00","flight":"AF628"},{"day":4,"utc":"08:50:00","flight":"AF356"},{"day":5,"utc":"18:06:00","flight":"AF984"},{"day":5,"utc":"22:25:00","flight":"AF240"},{"day":5,"utc":"15:16:00","flight":"AF008"},{"day":5,"utc":"16:28:00","flight":"AF742"},{"day":5,"utc":"05:21:00","flight":"AF771"},{"day":6,"utc":"00:49:00","flight":"AF328"}],"distance":1440.629904262208}