{"id":9732,"type":"route","airline":"AF","airlineid":"airline_137","sourceairport":"MPL","destinationairport":"FCO","stops":0,"equipment":"E75 E90","schedule":[{"day":0,"utc":"01:22:00","flight":"AF831"},{"day":0,"utc":"11:04:00","flight":"AF893"},{"day":0,"utc":"21:17:00","flight":"AF728"},{"day":1,"utc":"15:20:00","flight":"AF357"},{"day":1,"utc":"00:20:00","flight":"AF308"},{"day":1,"utc":"10:57:00","flight":"AF272"},{"day":2,"utc":"05:04:00","flight":"AF061"},{"day":3,"utc":"05:01:00","flight":"AF581"},{"day":4,"utc":"01:06:00","flight":"AF170"},{"day":4,"utc":"09:10:00","flight":"AF138"},{"day":4,"utc":"13:50:00","flight":"AF801"},{"day":4,"utc":"08:54:00","flight":"AF066"},{"day":4,"utc":"07:08:00","flight":"AF231"},{"day":5,"utc":"21:20:00","flight":"AF811"},{"day":6,"utc":"16:07:00","flight":"AF685"},{"day":6,"utc":"20:32:00","flight":"AF891"},{"day":6,"utc":"01:50:00","flight":"AF343"}],"distance":705.0868520842406}