{"id":9985,"type":"route","airline":"AF","airlineid":"airline_137","sourceairport":"TLS","destinationairport":"AJA","stops":0,"equipment":"320","schedule":[{"day":0,"utc":"17:30:00","flight":"AF736"},{"day":1,"utc":"05:17:00","flight":"AF398"},{"day":1,"utc":"21:03:00","flight":"AF296"},{"day":1,"utc":"22:47:00","flight":"AF711"},{"day":1,"utc":"20:04:00","flight":"AF189"},{"day":2,"utc":"09:54:00","flight":"AF737"},{"day":2,"utc":"15:20:00","flight":"AF458"},{"day":2,"utc":"13:01:00","flight":"AF328"},{"day":2,"utc":"10:01:00","flight":"AF572"},{"day":2,"utc":"03:30:00","flight":"AF295"},{"day":3,"utc":"06:29:00","flight":"AF272"},{"day":3,"utc":"07:05:00","flight":"AF516"},{"day":3,"utc":"09:20:00","flight":"AF438"},{"day":3,"utc":"16:37:00","flight":"AF584"},{"day":3,"utc":"09:23:00","flight":"AF700"},{"day":4,"utc":"13:27:00","flight":"AF637"},{"day":4,"utc":"03:02:00","flight":"AF081"},{"day":4,"utc":"03:41:00","flight":"AF551"},{"day":4,"utc":"16:28:00","flight":"AF884"},{"day":5,"utc":"20:17:00","flight":"AF966"},{"day":5,"utc":"18:00:00","flight":"AF093"},{"day":5,"utc":"01:21:00","flight":"AF529"},{"day":5,"utc":"03:43:00","flight":"AF958"},{"day":5,"utc":"01:35:00","flight":"AF863"},{"day":6,"utc":"20:01:00","flight":"AF035"},{"day":6,"utc":"04:42:00","flight":"AF650"},{"day":6,"utc":"21:12:00","flight":"AF281"},{"day":6,"utc":"05:58:00","flight":"AF762"}],"distance":635.8270740976213}