{"id":9748,"type":"route","airline":"AF","airlineid":"airline_137","sourceairport":"MRS","destinationairport":"MXP","stops":0,"equipment":"AT7","schedule":[{"day":0,"utc":"06:26:00","flight":"AF851"},{"day":0,"utc":"04:27:00","flight":"AF633"},{"day":0,"utc":"04:13:00","flight":"AF088"},{"day":0,"utc":"04:55:00","flight":"AF397"},{"day":0,"utc":"12:40:00","flight":"AF423"},{"day":1,"utc":"05:23:00","flight":"AF387"},{"day":1,"utc":"13:11:00","flight":"AF124"},{"day":1,"utc":"09:49:00","flight":"AF489"},{"day":1,"utc":"03:07:00","flight":"AF542"},{"day":1,"utc":"13:28:00","flight":"AF458"},{"day":2,"utc":"11:36:00","flight":"AF005"},{"day":2,"utc":"23:14:00","flight":"AF344"},{"day":2,"utc":"01:56:00","flight":"AF014"},{"day":2,"utc":"02:05:00","flight":"AF216"},{"day":3,"utc":"06:26:00","flight":"AF709"},{"day":4,"utc":"21:02:00","flight":"AF906"},{"day":4,"utc":"01:20:00","flight":"AF183"},{"day":5,"utc":"09:43:00","flight":"AF594"},{"day":5,"utc":"17:31:00","flight":"AF553"},{"day":5,"utc":"12:29:00","flight":"AF074"},{"day":5,"utc":"15:34:00","flight":"AF517"},{"day":6,"utc":"12:16:00","flight":"AF116"}],"distance":370.3106930431154}