{"id":9009,"type":"route","airline":"AF","airlineid":"airline_137","sourceairport":"AMS","destinationairport":"TPE","stops":0,"equipment":"77W","schedule":[{"day":0,"utc":"19:01:00","flight":"AF653"},{"day":0,"utc":"17:51:00","flight":"AF173"},{"day":0,"utc":"01:39:00","flight":"AF111"},{"day":0,"utc":"11:55:00","flight":"AF703"},{"day":0,"utc":"11:58:00","flight":"AF669"},{"day":1,"utc":"18:33:00","flight":"AF219"},{"day":1,"utc":"10:01:00","flight":"AF105"},{"day":1,"utc":"18:36:00","flight":"AF060"},{"day":1,"utc":"11:26:00","flight":"AF980"},{"day":2,"utc":"05:13:00","flight":"AF767"},{"day":2,"utc":"17:10:00","flight":"AF827"},{"day":2,"utc":"10:47:00","flight":"AF882"},{"day":2,"utc":"22:17:00","flight":"AF577"},{"day":2,"utc":"07:24:00","flight":"AF384"},{"day":3,"utc":"11:59:00","flight":"AF650"},{"day":3,"utc":"20:44:00","flight":"AF992"},{"day":4,"utc":"04:28:00","flight":"AF682"},{"day":4,"utc":"08:18:00","flight":"AF098"},{"day":4,"utc":"12:11:00","flight":"AF832"},{"day":4,"utc":"20:57:00","flight":"AF651"},{"day":4,"utc":"19:57:00","flight":"AF041"},{"day":5,"utc":"03:31:00","flight":"AF913"},{"day":5,"utc":"01:32:00","flight":"AF512"},{"day":5,"utc":"21:45:00","flight":"AF521"},{"day":5,"utc":"06:36:00","flight":"AF479"},{"day":6,"utc":"21:59:00","flight":"AF502"},{"day":6,"utc":"17:00:00","flight":"AF481"},{"day":6,"utc":"09:15:00","flight":"AF456"},{"day":6,"utc":"20:02:00","flight":"AF862"},{"day":6,"utc":"21:08:00","flight":"AF035"}],"distance":9442.50092891188}