{"id":9721,"type":"route","airline":"AF","airlineid":"airline_137","sourceairport":"MLA","destinationairport":"CDG","stops":0,"equipment":"319 320","schedule":[{"day":0,"utc":"03:55:00","flight":"AF216"},{"day":0,"utc":"05:31:00","flight":"AF355"},{"day":1,"utc":"05:14:00","flight":"AF549"},{"day":1,"utc":"22:24:00","flight":"AF288"},{"day":1,"utc":"02:24:00","flight":"AF017"},{"day":1,"utc":"07:05:00","flight":"AF742"},{"day":1,"utc":"05:09:00","flight":"AF379"},{"day":2,"utc":"22:07:00","flight":"AF303"},{"day":2,"utc":"11:04:00","flight":"AF438"},{"day":2,"utc":"10:44:00","flight":"AF830"},{"day":2,"utc":"16:09:00","flight":"AF914"},{"day":2,"utc":"07:15:00","flight":"AF667"},{"day":3,"utc":"20:09:00","flight":"AF191"},{"day":3,"utc":"15:58:00","flight":"AF988"},{"day":3,"utc":"21:08:00","flight":"AF555"},{"day":4,"utc":"22:19:00","flight":"AF806"},{"day":5,"utc":"02:16:00","flight":"AF641"},{"day":5,"utc":"11:09:00","flight":"AF404"},{"day":6,"utc":"08:55:00","flight":"AF754"},{"day":6,"utc":"07:50:00","flight":"AF997"},{"day":6,"utc":"04:22:00","flight":"AF109"},{"day":6,"utc":"17:51:00","flight":"AF306"}],"distance":1755.4312069855398}