{"id":9919,"type":"route","airline":"AF","airlineid":"airline_137","sourceairport":"ROC","destinationairport":"ATL","stops":0,"equipment":"M88 M90","schedule":[{"day":0,"utc":"21:37:00","flight":"AF079"},{"day":0,"utc":"23:49:00","flight":"AF337"},{"day":0,"utc":"16:40:00","flight":"AF690"},{"day":1,"utc":"02:03:00","flight":"AF591"},{"day":1,"utc":"03:03:00","flight":"AF339"},{"day":1,"utc":"13:50:00","flight":"AF538"},{"day":1,"utc":"23:07:00","flight":"AF666"},{"day":2,"utc":"08:18:00","flight":"AF483"},{"day":3,"utc":"13:40:00","flight":"AF644"},{"day":3,"utc":"14:37:00","flight":"AF016"},{"day":4,"utc":"21:49:00","flight":"AF084"},{"day":4,"utc":"09:29:00","flight":"AF430"},{"day":4,"utc":"20:45:00","flight":"AF037"},{"day":5,"utc":"06:01:00","flight":"AF696"},{"day":5,"utc":"13:58:00","flight":"AF843"},{"day":5,"utc":"09:40:00","flight":"AF203"},{"day":6,"utc":"16:13:00","flight":"AF592"}],"distance":1206.6646885407258}