{"id":9696,"type":"route","airline":"AF","airlineid":"airline_137","sourceairport":"LYS","destinationairport":"TLS","stops":0,"equipment":"319 320 CRK","schedule":[{"day":0,"utc":"12:09:00","flight":"AF276"},{"day":0,"utc":"22:44:00","flight":"AF435"},{"day":0,"utc":"01:11:00","flight":"AF492"},{"day":1,"utc":"00:50:00","flight":"AF901"},{"day":1,"utc":"09:26:00","flight":"AF046"},{"day":1,"utc":"05:14:00","flight":"AF745"},{"day":1,"utc":"16:41:00","flight":"AF397"},{"day":1,"utc":"21:51:00","flight":"AF294"},{"day":2,"utc":"07:25:00","flight":"AF669"},{"day":2,"utc":"12:07:00","flight":"AF415"},{"day":2,"utc":"19:40:00","flight":"AF627"},{"day":2,"utc":"04:30:00","flight":"AF856"},{"day":2,"utc":"19:50:00","flight":"AF567"},{"day":3,"utc":"11:35:00","flight":"AF291"},{"day":3,"utc":"23:28:00","flight":"AF525"},{"day":3,"utc":"21:19:00","flight":"AF459"},{"day":3,"utc":"18:49:00","flight":"AF473"},{"day":4,"utc":"21:20:00","flight":"AF540"},{"day":4,"utc":"10:56:00","flight":"AF675"},{"day":5,"utc":"10:00:00","flight":"AF280"},{"day":5,"utc":"18:57:00","flight":"AF832"},{"day":5,"utc":"20:58:00","flight":"AF864"},{"day":6,"utc":"20:08:00","flight":"AF993"},{"day":6,"utc":"23:51:00","flight":"AF230"},{"day":6,"utc":"21:18:00","flight":"AF439"},{"day":6,"utc":"13:38:00","flight":"AF450"}],"distance":375.7311512908275}