{"id":9019,"type":"route","airline":"AF","airlineid":"airline_137","sourceairport":"ATL","destinationairport":"AEX","stops":0,"equipment":"CRJ CR9","schedule":[{"day":0,"utc":"21:07:00","flight":"AF533"},{"day":0,"utc":"00:25:00","flight":"AF200"},{"day":0,"utc":"00:59:00","flight":"AF636"},{"day":0,"utc":"07:13:00","flight":"AF051"},{"day":0,"utc":"11:29:00","flight":"AF767"},{"day":1,"utc":"22:30:00","flight":"AF109"},{"day":1,"utc":"07:20:00","flight":"AF628"},{"day":1,"utc":"20:28:00","flight":"AF423"},{"day":1,"utc":"17:07:00","flight":"AF252"},{"day":2,"utc":"16:59:00","flight":"AF983"},{"day":2,"utc":"11:04:00","flight":"AF672"},{"day":3,"utc":"17:09:00","flight":"AF194"},{"day":3,"utc":"06:35:00","flight":"AF373"},{"day":3,"utc":"16:03:00","flight":"AF413"},{"day":4,"utc":"22:28:00","flight":"AF590"},{"day":4,"utc":"06:34:00","flight":"AF266"},{"day":4,"utc":"06:58:00","flight":"AF255"},{"day":5,"utc":"13:09:00","flight":"AF934"},{"day":5,"utc":"07:03:00","flight":"AF249"},{"day":6,"utc":"02:21:00","flight":"AF339"},{"day":6,"utc":"19:06:00","flight":"AF308"},{"day":6,"utc":"13:06:00","flight":"AF748"},{"day":6,"utc":"02:42:00","flight":"AF071"},{"day":6,"utc":"22:12:00","flight":"AF706"}],"distance":803.6480695187523}