{"id":9241,"type":"route","airline":"AF","airlineid":"airline_137","sourceairport":"BTR","destinationairport":"ATL","stops":0,"equipment":"CR9 CRJ CR7","schedule":[{"day":0,"utc":"14:50:00","flight":"AF625"},{"day":0,"utc":"08:41:00","flight":"AF511"},{"day":1,"utc":"18:46:00","flight":"AF681"},{"day":1,"utc":"08:37:00","flight":"AF987"},{"day":1,"utc":"07:07:00","flight":"AF415"},{"day":1,"utc":"22:29:00","flight":"AF798"},{"day":1,"utc":"17:44:00","flight":"AF818"},{"day":2,"utc":"00:42:00","flight":"AF108"},{"day":3,"utc":"02:25:00","flight":"AF554"},{"day":3,"utc":"09:58:00","flight":"AF175"},{"day":4,"utc":"04:16:00","flight":"AF246"},{"day":5,"utc":"21:08:00","flight":"AF909"},{"day":5,"utc":"20:44:00","flight":"AF943"},{"day":5,"utc":"02:14:00","flight":"AF273"},{"day":6,"utc":"18:41:00","flight":"AF898"},{"day":6,"utc":"09:40:00","flight":"AF289"},{"day":6,"utc":"01:44:00","flight":"AF116"}],"distance":720.9382588149284}