{"id":9382,"type":"route","airline":"AF","airlineid":"airline_137","sourceairport":"CDG","destinationairport":"PIT","stops":0,"equipment":"752","schedule":[{"day":0,"utc":"20:08:00","flight":"AF223"},{"day":0,"utc":"01:55:00","flight":"AF859"},{"day":0,"utc":"17:45:00","flight":"AF613"},{"day":1,"utc":"14:06:00","flight":"AF320"},{"day":1,"utc":"09:16:00","flight":"AF282"},{"day":2,"utc":"06:15:00","flight":"AF208"},{"day":3,"utc":"04:50:00","flight":"AF331"},{"day":4,"utc":"17:33:00","flight":"AF875"},{"day":4,"utc":"14:28:00","flight":"AF598"},{"day":5,"utc":"05:04:00","flight":"AF888"},{"day":5,"utc":"06:03:00","flight":"AF353"},{"day":5,"utc":"12:33:00","flight":"AF374"},{"day":5,"utc":"16:04:00","flight":"AF740"},{"day":6,"utc":"16:19:00","flight":"AF290"},{"day":6,"utc":"06:39:00","flight":"AF949"},{"day":6,"utc":"19:47:00","flight":"AF888"},{"day":6,"utc":"19:22:00","flight":"AF687"},{"day":6,"utc":"20:49:00","flight":"AF046"}],"distance":6275.770956836743}