{"id":9754,"type":"route","airline":"AF","airlineid":"airline_137","sourceairport":"MRS","destinationairport":"SVO","stops":0,"equipment":"320","schedule":[{"day":0,"utc":"12:20:00","flight":"AF052"},{"day":0,"utc":"13:59:00","flight":"AF174"},{"day":0,"utc":"12:36:00","flight":"AF963"},{"day":1,"utc":"06:35:00","flight":"AF895"},{"day":1,"utc":"00:11:00","flight":"AF403"},{"day":2,"utc":"17:10:00","flight":"AF610"},{"day":2,"utc":"22:58:00","flight":"AF180"},{"day":2,"utc":"17:22:00","flight":"AF452"},{"day":2,"utc":"15:41:00","flight":"AF960"},{"day":2,"utc":"01:51:00","flight":"AF973"},{"day":3,"utc":"06:07:00","flight":"AF659"},{"day":3,"utc":"22:52:00","flight":"AF116"},{"day":3,"utc":"04:41:00","flight":"AF695"},{"day":3,"utc":"09:21:00","flight":"AF147"},{"day":4,"utc":"06:15:00","flight":"AF005"},{"day":5,"utc":"00:37:00","flight":"AF729"},{"day":5,"utc":"08:04:00","flight":"AF050"},{"day":5,"utc":"20:34:00","flight":"AF431"},{"day":5,"utc":"19:23:00","flight":"AF316"},{"day":6,"utc":"06:48:00","flight":"AF747"},{"day":6,"utc":"20:07:00","flight":"AF211"}],"distance":2666.9857507312176}