{"id":9278,"type":"route","airline":"AF","airlineid":"airline_137","sourceairport":"CDG","destinationairport":"BKO","stops":0,"equipment":"343","schedule":[{"day":0,"utc":"23:46:00","flight":"AF420"},{"day":0,"utc":"09:31:00","flight":"AF831"},{"day":0,"utc":"19:30:00","flight":"AF266"},{"day":0,"utc":"08:22:00","flight":"AF203"},{"day":1,"utc":"22:34:00","flight":"AF028"},{"day":1,"utc":"14:47:00","flight":"AF327"},{"day":1,"utc":"05:05:00","flight":"AF805"},{"day":1,"utc":"07:36:00","flight":"AF744"},{"day":2,"utc":"01:42:00","flight":"AF237"},{"day":2,"utc":"17:41:00","flight":"AF240"},{"day":2,"utc":"23:19:00","flight":"AF899"},{"day":2,"utc":"17:54:00","flight":"AF455"},{"day":3,"utc":"16:44:00","flight":"AF947"},{"day":3,"utc":"01:21:00","flight":"AF219"},{"day":3,"utc":"07:41:00","flight":"AF379"},{"day":3,"utc":"22:26:00","flight":"AF370"},{"day":3,"utc":"01:01:00","flight":"AF110"},{"day":4,"utc":"09:20:00","flight":"AF788"},{"day":4,"utc":"16:35:00","flight":"AF931"},{"day":4,"utc":"10:27:00","flight":"AF375"},{"day":4,"utc":"09:42:00","flight":"AF882"},{"day":4,"utc":"02:33:00","flight":"AF578"},{"day":5,"utc":"13:20:00","flight":"AF127"},{"day":6,"utc":"21:12:00","flight":"AF318"}],"distance":4169.831318683755}