{"id":9417,"type":"route","airline":"AF","airlineid":"airline_137","sourceairport":"CDG","destinationairport":"WAW","stops":0,"equipment":"318 319 320 321","schedule":[{"day":0,"utc":"19:58:00","flight":"AF466"},{"day":1,"utc":"13:03:00","flight":"AF312"},{"day":1,"utc":"09:29:00","flight":"AF991"},{"day":1,"utc":"22:44:00","flight":"AF603"},{"day":1,"utc":"09:04:00","flight":"AF308"},{"day":1,"utc":"20:47:00","flight":"AF514"},{"day":2,"utc":"08:57:00","flight":"AF132"},{"day":2,"utc":"03:59:00","flight":"AF985"},{"day":2,"utc":"17:03:00","flight":"AF947"},{"day":2,"utc":"07:44:00","flight":"AF295"},{"day":2,"utc":"09:35:00","flight":"AF931"},{"day":3,"utc":"13:28:00","flight":"AF968"},{"day":4,"utc":"22:55:00","flight":"AF281"},{"day":5,"utc":"04:34:00","flight":"AF692"},{"day":6,"utc":"10:51:00","flight":"AF088"},{"day":6,"utc":"05:37:00","flight":"AF138"},{"day":6,"utc":"03:30:00","flight":"AF441"},{"day":6,"utc":"00:47:00","flight":"AF000"},{"day":6,"utc":"10:31:00","flight":"AF121"}],"distance":1342.4961571950737}